BYS22A,BYS22B,BYS22C,BYS22D,BYS22E,BYS22F,BYS22G,BYS22H,BYS24A,BYS24B,BYS24C,BYS24D,BYS24E,BYS24F,BYS24G
1,1,1,1,1,1,1,1,3,3,3,1,1,1,1
1,1,1,1,1,1,1,2,1,1,1,1,1,1,1
1,1,1,1,1,1,1,1,4,2,5,3,1,2,1
3,1,2,2,2,1,1,1,3,4,1,1,1,1,1
1,1,1,1,1,1,1,1,3,2,1,2,1,1,1
1,1,1,1,1,1,1,1,2,1,1,1,1,1,1
NA,NA,NA,NA,NA,NA,NA,NA,NA,NA,NA,NA,NA,NA,NA
1,1,3,1,1,1,1,3,1,1,3,1,1,1,1
NA,NA,NA,NA,NA,NA,NA,NA,NA,NA,NA,NA,NA,NA,NA
1,1,2,1,3,1,1,2,3,1,3,4,4,2,1
2,1,1,2,2,1,1,1,1,1,1,1,1,1,1
1,1,1,1,1,1,1,1,2,2,2,1,1,1,1
2,1,1,1,1,1,1,1,3,1,1,1,1,1,1
1,1,2,1,2,1,1,1,5,1,1,2,1,1,1
NA,NA,NA,NA,NA,NA,NA,NA,NA,NA,NA,NA,NA,NA,NA
2,3,1,1,1,1,1,1,4,2,3,2,1,1,1
1,1,1,1,1,1,1,1,1,1,3,2,1,1,1
1,2,1,1,1,1,1,1,2,1,2,2,1,1,1
1,1,1,1,1,1,1,2,1,1,2,1,1,1,1
1,1,2,1,2,1,1,1,1,1,3,1,1,1,1
1,1,2,1,1,1,1,1,1,1,3,1,1,1,1
NA,NA,NA,NA,NA,NA,NA,NA,NA,NA,NA,NA,NA,NA,NA
1,1,1,1,1,NA,1,1,1,1,1,1,1,1,1
2,3,1,1,1,1,1,1,4,1,4,2,1,1,1
1,1,1,1,1,1,1,1,1,1,2,1,1,1,1
1,2,1,1,1,1,1,1,2,1,3,1,1,1,1
2,1,1,1,1,1,1,2,2,1,2,NA,1,1,1
1,1,1,1,1,1,1,1,3,1,3,1,1,1,1
1,1,1,1,1,1,1,1,3,1,1,1,1,1,1
2,2,1,1,2,1,1,2,2,1,3,2,1,1,1
2,2,3,1,1,1,2,3,2,1,2,1,1,1,1
1,1,1,1,1,1,3,1,2,1,2,1,1,1,1
1,1,1,1,1,1,1,1,2,1,2,2,1,1,1
1,1,1,1,1,1,1,1,2,1,2,1,1,1,1
1,1,1,1,1,1,1,1,2,1,3,1,1,1,1
1,1,1,1,1,1,1,1,2,1,3,1,1,1,1
1,1,1,1,1,1,1,1,2,2,3,1,1,1,1
1,1,1,1,1,1,1,1,2,1,3,1,1,1,1
2,2,1,1,1,1,1,2,1,1,5,1,1,1,1
1,1,1,1,1,1,1,1,1,1,1,1,1,1,1
1,2,1,1,1,1,1,1,2,1,3,2,1,1,1
2,1,1,1,1,1,1,1,2,2,3,2,1,1,1
1,1,1,1,1,1,1,1,1,1,3,1,1,1,1
2,3,2,1,2,1,1,2,1,1,1,1,1,1,1
3,1,2,1,2,1,3,3,3,3,5,5,5,NA,1
1,1,1,1,NA,2,1,1,2,1,1,1,1,1,1
1,3,1,2,1,1,1,1,3,5,5,5,3,1,1
1,1,1,NA,NA,1,NA,NA,1,1,1,1,1,1,1
1,3,1,1,1,1,1,1,1,3,3,4,1,2,1
NA,NA,NA,NA,NA,NA,NA,NA,NA,1,NA,NA,NA,NA,NA
2,1,1,1,1,1,1,1,2,1,5,1,1,1,1
2,1,1,1,2,1,1,2,2,1,2,1,1,1,1
2,1,2,1,2,1,1,2,2,1,5,2,1,1,1
1,1,1,1,1,1,1,1,1,1,2,1,1,1,1
1,3,1,1,1,1,1,1,2,5,2,3,1,1,1
2,3,2,2,2,1,2,3,2,2,2,3,1,1,1
1,1,2,1,1,1,2,1,1,1,1,2,1,1,1
1,1,2,1,1,1,1,2,1,1,2,1,1,1,1
2,1,1,1,1,1,1,1,1,1,2,1,1,1,1
NA,NA,NA,NA,NA,NA,NA,NA,NA,NA,NA,NA,NA,NA,NA
NA,NA,NA,NA,NA,NA,NA,NA,NA,NA,NA,NA,NA,NA,NA
1,1,1,1,1,1,1,1,3,1,3,1,1,1,1
1,2,1,2,1,1,1,1,2,2,3,2,1,1,1
2,1,1,2,1,1,1,2,3,1,2,1,1,2,1
3,1,1,1,1,1,2,1,5,1,2,1,1,1,1
1,1,1,1,1,1,1,1,1,1,2,1,1,1,1
2,3,1,2,1,1,1,1,3,2,3,3,3,2,1
1,1,1,1,1,1,1,3,3,1,5,1,1,1,1
1,1,1,1,1,1,1,1,1,1,4,1,1,1,1
2,1,NA,1,NA,1,NA,NA,2,1,3,1,1,1,1
1,1,1,2,1,1,1,1,5,5,4,3,1,3,2
2,1,2,2,2,1,1,1,2,1,2,2,1,1,1
1,1,1,1,1,1,1,1,2,1,1,1,1,1,1
3,1,1,1,1,2,1,1,2,3,4,1,1,1,1
1,1,1,1,1,1,1,1,1,1,2,1,1,1,1
1,1,1,1,1,1,1,1,3,1,1,1,1,1,1
NA,NA,NA,NA,NA,NA,NA,NA,NA,NA,NA,NA,NA,NA,NA
NA,NA,NA,NA,NA,NA,NA,NA,NA,NA,NA,NA,NA,NA,NA
2,1,2,1,2,1,2,NA,3,1,3,1,1,1,1
1,1,1,1,1,1,1,3,1,1,1,1,1,1,1
2,1,1,1,1,1,2,3,5,3,5,2,1,1,1
1,1,1,1,1,1,1,1,3,1,2,1,1,1,1
1,1,1,1,1,1,1,1,2,1,2,1,1,1,1
1,1,1,1,1,1,1,1,2,1,2,1,1,1,1
NA,NA,NA,NA,NA,NA,NA,NA,NA,NA,NA,NA,NA,NA,NA
1,1,1,1,1,1,1,1,2,1,2,2,1,1,1
1,1,1,1,1,1,1,1,1,1,2,1,1,1,1
1,1,1,1,1,1,1,1,1,1,1,1,1,1,1
1,1,1,1,1,1,1,2,4,2,2,1,1,1,1
1,1,2,1,1,1,1,1,1,1,3,1,1,1,1
2,1,1,1,1,1,1,2,2,4,5,1,1,NA,1
1,3,2,1,1,1,1,2,4,3,2,5,4,1,1
2,3,1,1,3,1,2,2,3,2,1,3,1,1,1
2,2,1,NA,1,1,1,1,4,3,5,2,1,1,1
1,1,2,2,2,1,1,1,5,1,4,2,1,1,1
1,3,1,1,1,1,1,1,3,1,4,2,1,1,1
1,2,1,2,2,1,1,1,2,3,2,2,1,1,1
2,3,2,1,1,1,1,2,3,1,3,1,1,1,1
1,1,1,1,1,1,1,1,3,1,2,1,1,1,1
1,1,1,1,1,1,1,1,3,1,4,1,1,1,1
1,1,2,1,1,1,1,2,2,1,4,1,1,1,1
NA,NA,NA,NA,NA,NA,NA,NA,NA,NA,NA,NA,NA,NA,NA
1,1,1,1,1,1,1,1,1,1,3,1,1,1,1
1,3,1,2,1,1,2,1,3,2,4,3,1,3,1
2,2,1,1,1,1,1,1,2,1,1,5,2,1,1
2,2,1,3,3,1,2,1,2,2,4,2,3,3,1
2,1,2,1,1,1,1,3,2,1,2,1,1,1,1
NA,NA,NA,NA,NA,NA,NA,NA,NA,NA,NA,NA,NA,NA,NA
NA,NA,NA,NA,NA,NA,NA,NA,NA,NA,NA,NA,NA,NA,NA
1,2,1,1,1,1,1,1,2,1,2,1,1,1,1
1,1,1,1,1,1,1,1,2,1,3,2,1,1,1
1,1,1,1,1,1,1,1,3,1,3,2,1,1,1
NA,NA,NA,NA,NA,NA,NA,NA,NA,NA,NA,NA,NA,NA,NA
NA,NA,NA,NA,NA,NA,NA,NA,NA,NA,NA,NA,NA,NA,NA
2,2,1,1,1,1,2,1,2,1,3,2,1,1,1
1,1,1,1,1,1,1,1,1,1,1,1,1,1,1
1,1,1,1,1,1,2,3,1,1,1,1,1,1,1
1,1,2,1,3,1,2,3,2,1,3,2,1,1,1
3,2,3,3,3,1,2,2,3,3,3,3,1,1,1
2,1,3,1,1,1,1,3,1,2,3,1,1,1,1
2,2,1,1,1,1,1,1,3,5,NA,5,1,3,1
1,2,1,1,1,1,1,1,1,1,3,1,1,1,1
1,2,1,1,1,1,1,1,2,4,4,3,2,1,1
1,1,1,1,1,1,1,1,3,2,4,1,1,1,1
1,1,1,1,1,1,1,1,2,1,2,1,1,1,1
2,2,2,1,2,1,2,2,2,1,2,1,1,1,1
1,1,1,1,1,1,1,1,2,1,2,1,1,1,1
1,1,1,1,1,1,1,1,5,3,5,1,1,1,1
1,1,1,1,1,1,1,1,2,2,2,1,1,1,1
2,3,1,1,1,1,1,1,5,2,5,3,2,1,1
2,3,2,1,2,1,1,1,5,5,5,5,1,1,1
1,1,1,1,1,1,1,1,2,1,4,1,1,1,1
1,3,2,1,3,1,1,3,4,3,3,1,1,1,1
1,1,1,1,1,1,1,1,3,1,2,1,1,1,1
2,2,1,1,1,1,1,1,4,1,3,2,1,1,1
2,1,2,2,1,1,1,1,3,NA,2,2,1,1,1
1,1,1,1,1,1,1,1,1,1,3,1,1,1,1
1,1,1,1,1,1,1,1,2,1,3,1,1,1,1
2,1,1,1,1,1,1,1,1,2,3,2,1,1,1
1,1,1,2,1,1,1,1,5,2,5,2,1,1,1
2,2,3,3,3,1,1,2,3,1,4,5,4,2,1
1,1,1,1,1,1,1,1,1,1,2,1,1,1,1
2,1,1,1,2,1,1,1,2,2,2,1,2,1,1
2,1,1,1,1,1,1,1,5,1,5,1,1,1,1
2,1,2,1,1,1,1,1,2,1,3,1,1,1,1
1,1,2,1,1,1,1,2,1,1,1,1,1,1,1
1,1,1,1,1,1,1,1,1,1,3,1,1,1,1
1,1,1,1,1,1,1,1,3,2,2,2,1,1,1
1,1,1,1,1,1,1,2,2,1,2,1,1,1,1
2,1,1,1,NA,NA,NA,NA,1,1,2,1,1,1,1
1,1,1,1,1,1,1,1,3,2,3,3,2,2,1
2,3,1,NA,3,1,3,1,3,1,2,3,1,1,1
2,1,1,1,1,1,1,1,5,5,NA,1,1,1,1
2,2,3,1,3,2,2,1,2,1,2,2,1,1,1
1,1,1,1,1,1,1,1,1,1,4,2,1,1,1
1,1,1,1,1,1,1,1,2,1,3,2,1,1,1
2,1,1,1,1,1,1,1,1,1,2,1,1,1,1
1,1,1,1,1,1,1,1,1,1,1,1,1,1,1
2,2,1,1,1,1,1,1,1,1,3,1,1,1,1
2,1,2,1,1,1,2,1,5,1,2,1,1,1,1
2,1,1,1,1,1,1,1,3,1,3,1,1,1,1
2,1,2,2,2,1,2,3,1,1,2,1,1,1,1
1,1,1,1,1,1,1,3,1,1,5,1,1,1,1
2,1,1,1,3,1,2,1,3,1,2,2,1,1,1
1,1,1,1,3,1,1,1,2,1,3,2,1,1,1
NA,NA,NA,NA,NA,NA,NA,NA,NA,NA,NA,NA,NA,NA,NA
1,1,1,1,1,1,1,1,1,1,5,1,1,1,1
1,1,1,1,1,1,1,1,2,1,2,1,1,1,1
1,1,1,2,2,1,1,1,5,NA,5,2,1,1,1
1,1,1,1,1,1,1,1,1,1,2,1,1,1,1
1,1,1,1,1,1,1,1,1,1,2,1,1,1,1
1,1,1,1,1,1,1,1,1,1,1,1,1,1,1
NA,NA,NA,NA,NA,NA,NA,NA,NA,NA,NA,NA,NA,NA,NA
1,1,1,1,1,1,1,1,5,1,2,1,1,1,1
1,1,1,1,1,1,1,1,2,1,2,1,1,1,1
1,1,1,1,1,1,1,2,2,1,1,2,1,1,1
2,1,1,1,1,1,1,1,2,1,2,1,1,1,1
1,1,1,1,1,1,1,1,4,2,3,1,1,1,1
NA,NA,NA,NA,NA,NA,NA,NA,NA,NA,NA,NA,NA,NA,NA
3,1,3,2,2,1,2,2,3,1,3,3,1,1,1
1,2,1,1,1,1,1,1,4,1,2,3,1,1,1
2,1,1,2,2,1,1,1,1,2,2,1,1,1,1
2,1,1,1,1,1,1,1,2,3,1,2,1,1,1
3,3,2,2,1,1,2,1,3,4,4,1,1,1,1
1,1,1,1,1,1,1,1,1,1,2,1,1,1,1
3,1,1,1,1,1,1,1,2,4,2,1,1,1,1
1,1,1,1,1,1,1,1,3,2,3,2,2,2,1
1,1,1,1,2,1,1,1,5,1,4,2,1,1,2
2,1,1,2,1,1,1,1,2,3,5,3,5,2,1
2,1,1,1,2,1,2,1,2,1,3,2,1,1,1
2,2,1,2,2,2,1,2,1,1,2,1,1,1,1
2,1,3,3,3,1,2,1,2,1,3,2,3,3,1
1,1,1,1,1,1,1,1,1,1,3,1,1,1,1
2,1,1,1,1,1,1,1,2,1,3,1,1,1,1
1,1,1,1,1,1,1,1,2,1,3,2,1,1,1
1,1,1,1,1,1,1,1,2,1,3,2,1,1,1
3,1,1,1,2,1,2,1,1,2,1,2,1,1,1
1,1,1,1,1,1,1,1,2,1,2,1,1,1,1
3,1,1,1,3,1,1,2,2,1,3,1,1,1,1
NA,NA,NA,NA,NA,NA,NA,NA,NA,NA,NA,NA,NA,NA,NA
1,1,1,1,1,1,1,1,3,1,3,2,1,1,1
2,3,1,1,1,1,1,1,4,1,2,3,2,2,1
NA,NA,NA,NA,NA,NA,NA,NA,NA,NA,NA,NA,NA,NA,NA
NA,NA,NA,NA,NA,NA,NA,NA,NA,NA,NA,NA,NA,NA,NA
3,3,1,1,2,1,1,1,2,1,3,2,1,1,1
2,1,2,1,1,1,1,1,1,1,2,1,1,1,1
1,1,1,1,1,1,1,1,1,1,2,1,1,1,1
2,2,1,1,2,1,1,1,2,1,2,1,1,1,1
3,3,2,1,2,1,2,3,1,2,4,2,1,2,1
1,1,1,1,1,1,1,1,2,1,2,1,1,1,1
1,1,1,3,2,2,1,1,1,1,1,1,1,1,1
2,1,3,2,2,1,2,2,2,1,2,1,1,1,1
1,1,1,1,1,1,1,2,1,1,2,1,1,1,1
1,1,1,1,1,1,1,1,2,1,3,1,1,1,1
1,1,1,1,1,1,1,1,3,NA,3,1,1,1,1
1,1,1,1,1,1,1,2,2,1,2,1,1,1,1
1,1,1,1,1,1,1,1,5,1,3,1,1,1,1
3,3,1,2,1,1,1,1,2,1,3,3,1,1,1
1,1,1,1,2,1,1,1,1,1,2,1,1,1,1
1,1,1,1,1,1,1,1,3,2,2,3,1,1,1
1,2,1,1,1,1,1,1,3,1,2,1,1,1,1
1,3,1,1,1,1,1,3,3,2,3,2,1,1,1
NA,2,2,1,1,1,2,2,2,1,3,2,1,1,1
1,2,1,1,1,1,1,1,4,3,3,3,3,1,1
NA,NA,NA,NA,NA,NA,NA,NA,NA,NA,NA,NA,NA,NA,NA
1,1,1,1,1,1,1,1,3,1,4,1,1,1,1
1,2,1,1,1,1,1,2,1,2,3,1,1,1,1
2,1,1,2,2,1,1,1,3,3,3,3,3,1,1
1,2,1,3,1,1,2,1,3,5,3,3,3,2,1
NA,NA,NA,NA,NA,NA,NA,NA,NA,NA,NA,NA,NA,NA,NA
2,2,1,1,1,1,2,1,2,1,3,3,1,3,1
1,1,2,1,1,1,1,1,3,1,2,1,1,1,1
1,1,2,1,1,1,1,2,4,1,2,2,1,1,1
1,1,1,1,2,1,1,2,2,1,2,1,1,1,1
1,1,1,1,1,1,1,1,1,1,2,1,1,1,1
NA,NA,NA,NA,NA,NA,NA,NA,NA,NA,NA,NA,NA,NA,NA
NA,NA,NA,NA,NA,NA,NA,NA,NA,NA,NA,NA,NA,NA,NA
2,2,1,1,1,1,2,3,3,2,4,1,1,1,1
2,2,3,2,1,3,2,2,1,2,4,2,1,2,1
1,1,1,2,1,1,1,1,3,1,3,2,1,1,1
2,2,3,1,1,1,2,2,3,3,4,2,1,1,1
1,1,1,1,1,1,1,1,1,1,1,1,1,1,1
2,1,1,1,1,1,1,1,1,1,2,1,1,1,1
2,2,1,1,2,1,1,2,1,1,1,1,1,2,1
1,1,1,1,2,1,1,1,2,1,2,1,1,1,1
1,1,1,1,1,1,1,1,2,1,1,1,1,1,1
1,1,1,1,1,1,1,1,3,1,2,1,1,1,1
1,1,1,1,1,1,1,1,2,1,2,1,1,1,1
2,3,3,2,2,1,2,2,1,2,3,2,3,1,1
1,1,1,1,1,1,1,1,5,1,2,1,1,1,1
1,1,1,1,1,1,1,1,4,2,3,1,1,1,1
2,1,1,1,1,1,1,1,3,1,2,1,1,1,1
2,1,1,1,1,1,1,1,1,1,2,1,1,1,1
NA,NA,NA,NA,NA,NA,NA,NA,NA,NA,NA,NA,NA,NA,NA
2,1,1,1,1,1,1,1,2,1,2,1,1,1,1
1,2,1,1,1,1,1,1,2,1,3,1,1,1,1
1,1,1,1,1,1,1,1,1,1,2,1,1,1,1
1,2,1,1,1,1,1,1,3,1,3,1,1,1,1
1,NA,NA,NA,1,1,1,NA,2,2,NA,2,2,2,1
1,1,1,1,1,1,1,1,3,1,4,2,1,1,1
1,3,2,1,1,1,1,1,2,3,5,3,2,2,1
2,2,1,1,1,1,1,2,1,1,3,2,1,1,1
1,1,2,1,3,1,1,1,2,2,2,1,2,1,1
1,2,1,3,2,1,1,1,4,3,3,2,1,3,1
1,1,2,1,2,1,1,1,2,2,2,1,1,1,1
1,1,1,1,1,1,1,1,2,1,2,1,1,1,1
1,1,1,1,1,1,1,1,4,1,3,1,1,1,1
1,2,1,1,1,1,1,1,2,1,2,2,1,1,1
1,2,1,2,1,1,1,1,3,2,3,2,1,2,1
1,1,1,1,1,1,1,1,5,1,3,1,1,1,1
2,1,2,1,1,1,1,2,3,1,4,1,1,1,1
2,1,1,1,1,1,1,1,2,1,3,4,1,1,1
1,1,1,1,1,1,1,1,3,1,3,2,1,2,1
NA,NA,NA,NA,NA,NA,NA,NA,NA,NA,NA,NA,NA,NA,NA
1,1,1,1,1,1,1,1,3,1,2,2,2,NA,1
2,1,2,1,1,1,2,1,2,1,3,2,1,1,1
1,1,1,1,1,1,1,1,2,1,2,1,1,1,1
1,1,1,1,1,1,1,1,1,1,2,1,1,1,1
NA,NA,NA,NA,NA,NA,NA,NA,NA,NA,NA,NA,NA,NA,NA
1,1,1,1,1,1,1,1,2,1,2,1,1,1,1
2,3,2,2,2,1,2,2,2,2,2,1,1,1,1
1,1,1,1,1,1,1,1,1,1,2,1,1,1,1
2,1,1,1,1,1,1,1,2,2,3,1,1,1,1
2,1,1,1,1,1,1,1,2,1,3,1,1,1,1
1,1,1,1,2,1,1,1,1,1,2,2,3,1,1
1,1,1,1,1,1,1,2,1,1,3,1,1,1,1
2,1,1,3,1,1,1,1,1,1,1,1,1,1,1
2,2,1,1,1,1,1,1,2,1,1,1,1,1,1
1,1,1,1,1,1,1,1,3,3,NA,1,1,1,1
2,1,1,1,1,1,1,1,4,1,4,3,1,1,1
1,1,1,2,1,1,1,1,1,1,1,3,2,1,1
1,1,1,1,2,1,1,1,2,1,3,2,1,1,1
1,1,1,1,1,1,1,1,1,1,5,2,1,1,1
1,1,1,1,1,1,2,2,1,1,2,2,1,1,1
1,1,1,1,1,1,1,1,1,2,1,1,1,1,1
1,1,1,1,1,1,1,1,3,1,4,3,1,1,1
1,1,1,1,1,1,1,1,1,1,1,1,1,1,1
1,1,1,1,1,1,1,1,2,1,2,2,1,1,1
1,1,1,1,1,1,1,1,2,1,2,1,1,1,1
NA,NA,NA,NA,NA,NA,NA,NA,NA,NA,NA,NA,NA,NA,NA
1,3,1,1,1,1,1,1,5,3,5,2,1,1,1
NA,NA,NA,NA,NA,NA,NA,NA,NA,NA,NA,NA,NA,NA,NA
2,1,1,1,1,1,1,3,4,1,3,1,1,1,1
1,2,1,1,1,1,1,1,1,1,1,1,1,1,1
1,1,1,1,1,1,1,1,3,1,2,1,1,1,1
1,1,1,1,1,1,1,2,3,2,2,1,1,1,1
2,1,1,1,1,1,1,1,3,1,3,1,1,1,1
1,1,1,1,1,1,1,1,2,1,5,1,1,1,1
1,1,1,1,2,1,1,2,5,2,5,1,1,1,1
2,3,1,1,1,1,1,2,2,2,2,1,1,1,1
1,3,1,3,1,1,1,1,3,4,4,5,3,3,1
1,1,1,1,1,1,1,1,4,3,3,1,1,1,1
NA,NA,NA,NA,NA,NA,NA,NA,NA,NA,NA,NA,NA,NA,NA
2,2,2,1,1,1,1,1,4,3,4,4,2,2,1
1,1,1,1,1,1,1,1,3,2,4,2,1,1,1
1,1,2,1,1,1,1,1,2,1,2,1,1,1,1
1,1,1,1,1,1,1,1,3,1,3,1,1,1,1
1,1,1,1,1,1,1,1,1,1,1,1,1,1,1
2,3,1,1,1,1,1,1,2,1,2,2,1,1,1
NA,NA,NA,NA,NA,NA,NA,NA,NA,NA,NA,NA,NA,NA,NA
2,1,2,1,1,1,1,1,2,1,3,1,1,1,1
1,1,1,1,1,1,1,2,1,1,1,1,1,1,1
1,2,1,1,1,1,1,1,2,2,2,2,2,1,1
1,1,1,1,2,1,2,1,1,1,3,1,1,1,1
1,1,1,1,3,1,1,2,1,1,3,1,1,1,1
1,1,1,1,2,1,2,1,2,1,2,1,1,1,1
3,1,1,1,1,1,1,1,2,1,2,1,1,1,1
2,1,1,1,1,1,1,1,2,1,2,1,1,1,1
1,1,1,1,1,1,1,1,5,1,5,2,2,1,1
2,2,1,1,1,1,1,1,2,2,3,1,1,1,1
1,1,1,1,1,1,1,1,3,1,2,1,1,1,1
1,1,1,1,1,1,1,2,3,2,5,1,1,1,1
1,1,1,1,1,1,1,1,1,1,2,1,1,1,1
1,2,1,1,1,1,1,1,5,4,4,1,1,1,1
1,1,1,1,1,1,1,1,3,1,3,1,1,1,1
2,1,1,1,1,1,1,1,3,1,3,1,1,1,1
2,1,1,1,1,1,1,1,5,4,3,2,1,2,1
2,2,1,2,2,1,1,1,3,3,2,4,1,2,1
NA,NA,NA,NA,NA,NA,NA,NA,NA,NA,NA,NA,NA,NA,NA
2,1,2,1,3,1,1,3,2,1,2,2,1,1,1
2,3,1,2,2,1,1,1,2,1,4,1,1,1,1
1,1,1,1,1,1,1,1,1,1,1,1,1,1,1
2,1,1,1,1,1,1,1,2,1,3,1,1,1,1
2,1,1,1,1,1,1,1,5,5,4,2,1,1,1
1,1,1,1,1,1,1,1,3,2,4,1,1,1,1
1,1,1,1,1,1,1,1,3,1,3,1,1,1,1
3,2,1,1,2,1,1,1,4,3,4,2,1,1,1
1,1,1,1,1,1,1,1,2,1,2,2,1,1,1
1,1,1,1,1,1,1,1,1,1,2,1,1,1,1
1,1,1,1,1,1,1,1,3,1,3,2,1,1,1
1,1,1,1,3,3,3,3,5,5,5,5,5,5,5
2,1,1,1,1,1,1,1,1,1,3,1,1,1,1
1,1,1,1,1,1,1,1,2,1,3,1,1,1,1
2,1,1,1,1,1,1,3,2,3,3,2,2,1,1
1,1,1,1,1,1,1,1,2,1,3,1,1,1,1
1,1,1,1,1,1,1,2,2,1,2,1,1,1,1
1,1,1,1,1,1,1,1,3,2,3,1,1,1,1
NA,NA,NA,NA,NA,NA,NA,NA,NA,NA,NA,NA,NA,NA,NA
NA,NA,NA,NA,NA,NA,NA,NA,NA,NA,NA,NA,NA,NA,NA
NA,NA,NA,NA,NA,NA,NA,NA,NA,NA,NA,NA,NA,NA,NA
2,1,2,1,1,1,1,2,3,2,2,1,1,1,1
3,1,1,1,1,1,3,1,3,1,3,1,1,1,1
NA,NA,NA,NA,NA,NA,NA,NA,NA,NA,NA,NA,NA,NA,NA
1,1,1,1,1,1,1,1,1,1,2,1,1,1,1
2,3,3,1,1,1,1,1,3,2,5,2,1,1,1
1,1,1,1,1,1,1,1,2,1,3,1,1,1,1
NA,NA,NA,NA,NA,NA,NA,NA,NA,NA,NA,NA,NA,NA,NA
NA,NA,NA,NA,NA,NA,NA,NA,NA,NA,NA,NA,NA,NA,NA
2,1,3,1,1,1,1,3,2,1,2,1,1,1,1
1,1,1,1,1,1,1,1,2,1,2,NA,1,1,1
NA,NA,NA,NA,NA,NA,NA,NA,NA,NA,NA,NA,NA,NA,NA
1,1,1,1,1,1,1,1,1,1,1,1,1,1,1
2,1,1,1,1,1,1,1,1,1,1,1,1,1,1
2,3,1,1,1,1,1,1,5,4,5,2,3,1,1
1,1,1,1,1,1,1,1,2,1,3,1,1,1,1
2,1,2,2,2,1,1,1,5,5,5,5,5,NA,1
2,1,NA,1,1,NA,1,1,1,1,3,1,1,NA,1
2,3,3,2,3,1,2,1,3,5,3,5,5,1,1
3,1,1,1,1,1,1,1,5,2,3,1,1,1,1
1,1,1,1,1,1,1,1,4,1,3,1,2,1,1
2,3,3,3,3,1,1,2,3,5,3,3,1,1,1
1,1,1,1,1,1,1,1,1,1,1,1,1,1,1
1,1,1,1,1,1,1,1,2,1,1,1,1,1,1
1,1,1,1,1,1,1,1,2,1,2,1,1,1,1
3,3,3,2,3,1,2,3,2,5,3,2,1,1,1
1,1,1,1,1,1,1,1,1,1,2,1,1,1,1
2,1,1,1,1,1,1,1,3,1,3,2,1,2,2
1,1,1,1,1,1,1,1,1,1,1,1,1,1,1
1,1,1,1,1,1,1,1,2,1,2,1,1,1,1
1,1,1,1,1,1,1,1,2,1,2,1,1,1,1
1,1,1,1,1,1,1,1,4,5,2,2,2,1,1
1,1,1,1,1,1,1,1,1,1,3,1,1,1,1
1,1,1,1,1,1,1,1,3,2,3,1,1,1,1
2,2,1,1,1,1,1,1,2,1,2,1,1,1,1
NA,NA,NA,NA,NA,NA,NA,NA,NA,NA,NA,NA,NA,NA,NA
2,2,1,1,1,1,2,2,5,3,3,3,1,NA,1
2,3,2,2,2,1,1,2,2,3,1,2,1,1,1
2,1,1,1,1,1,1,1,5,4,5,3,1,1,1
2,1,2,1,1,1,1,1,2,1,2,1,1,1,1
1,1,1,1,1,1,1,2,2,1,2,1,1,1,1
1,1,1,1,1,1,1,1,2,1,5,1,1,1,1
2,1,1,1,1,1,1,1,3,1,2,1,1,1,1
2,1,1,1,1,1,1,1,5,3,5,1,1,1,1
3,1,2,2,2,1,2,1,5,2,3,2,1,2,1
1,1,1,1,1,1,1,1,3,2,3,2,1,1,1
3,1,3,1,1,1,2,3,1,1,5,1,1,1,1
1,1,1,1,1,1,1,1,2,3,3,1,1,1,1
2,1,1,1,1,1,2,1,3,3,2,1,1,1,1
1,1,2,1,1,1,1,2,2,1,3,2,1,1,1
2,1,2,2,2,1,1,2,2,1,2,1,1,1,1
1,1,1,1,1,1,1,1,1,1,2,1,1,1,1
2,1,3,1,2,1,2,2,3,1,2,1,1,1,1
2,1,1,1,2,2,1,1,2,1,2,1,1,1,1
NA,NA,NA,NA,NA,NA,NA,NA,NA,NA,NA,NA,NA,NA,NA
2,1,1,1,1,1,1,3,2,1,1,2,1,1,1
2,1,1,1,1,1,1,1,3,1,4,2,1,1,1
3,2,3,1,3,2,3,3,4,3,5,4,1,1,1
2,1,1,1,1,1,1,1,5,1,2,3,1,1,1
1,1,1,1,1,1,1,1,1,1,2,1,1,1,1
2,1,1,1,1,1,1,1,2,1,1,1,1,1,1
2,1,1,1,1,2,2,1,2,1,2,1,1,1,1
1,2,1,1,1,1,1,1,5,4,3,3,3,1,1
1,2,NA,1,1,1,1,1,3,1,1,1,1,1,1
1,1,1,1,1,1,1,1,1,1,1,1,1,1,1
2,1,2,1,1,2,1,2,5,5,4,2,1,1,1
NA,NA,NA,NA,NA,NA,NA,NA,NA,NA,NA,NA,NA,NA,NA
2,1,2,1,1,1,1,2,2,2,3,1,1,1,1
1,1,1,1,1,1,1,1,2,1,2,1,1,1,1
3,1,2,1,3,1,1,2,1,1,2,1,1,1,1
3,2,1,2,1,1,2,1,2,1,2,3,1,1,1
2,1,1,1,1,1,1,1,5,2,2,3,1,1,1
1,2,1,1,1,1,1,1,2,1,4,2,1,1,1
1,1,1,1,1,1,1,1,3,1,5,1,1,1,1
1,1,1,1,1,1,2,1,2,2,2,2,1,1,1
NA,1,NA,NA,NA,NA,NA,NA,1,1,2,1,1,1,1
1,1,1,1,1,1,1,1,1,1,3,1,1,1,1
2,1,1,1,1,1,1,1,1,1,1,1,1,1,1
1,1,1,1,1,1,1,1,3,1,4,2,1,1,1
2,1,1,1,1,1,1,1,2,2,2,3,2,1,1
2,1,1,1,1,1,1,1,2,3,2,1,1,1,1
NA,NA,NA,NA,NA,NA,NA,NA,NA,NA,NA,NA,NA,NA,NA
1,1,1,1,1,1,1,1,2,1,1,1,1,1,1
1,2,1,1,1,1,1,1,1,1,1,1,1,1,1
1,1,1,1,1,1,1,1,2,1,3,1,1,1,1
1,1,1,1,1,1,1,1,3,1,3,1,1,1,1
1,1,1,1,1,1,1,1,3,1,1,1,1,1,1
1,1,2,1,1,1,2,3,2,1,2,3,1,1,1
1,1,1,1,1,1,1,3,1,2,1,1,1,1,1
1,3,2,1,1,1,2,1,4,2,3,1,1,1,1
1,1,1,2,2,1,1,1,4,1,3,2,2,1,1
1,1,1,1,1,1,1,1,4,1,3,3,1,1,1
1,1,1,1,1,1,1,1,2,1,3,2,1,NA,1
1,1,2,1,1,1,1,1,1,1,1,1,1,1,1
1,1,2,1,1,1,1,1,2,2,3,NA,1,1,1
1,1,1,1,NA,1,1,1,2,2,3,NA,1,1,1
2,1,3,2,2,1,2,2,5,2,4,3,1,1,1
1,1,1,1,1,1,1,1,2,1,2,1,1,1,1
1,1,1,1,1,1,1,1,1,1,5,1,1,1,1
NA,NA,NA,NA,NA,NA,NA,NA,NA,NA,NA,NA,NA,NA,NA
2,1,1,1,2,1,1,1,2,1,2,1,1,1,1
1,1,1,1,1,1,1,1,3,1,3,2,1,1,1
2,1,1,2,1,1,1,1,3,3,3,3,1,2,1
2,2,3,2,2,1,2,3,3,1,5,3,1,2,1
1,1,1,1,1,1,1,1,3,1,3,2,1,1,1
3,1,3,3,2,1,2,1,2,1,3,2,2,2,1
2,3,1,2,1,1,1,1,1,1,3,3,1,1,2
2,1,1,1,1,1,1,1,2,5,5,3,2,2,1
2,3,1,1,1,1,1,1,4,1,2,2,1,1,1
1,3,1,3,1,1,1,1,3,1,2,3,1,1,1
2,1,1,1,1,1,1,1,3,1,3,1,1,1,1
2,3,2,1,1,1,1,1,4,3,2,5,2,1,1
1,3,1,1,1,1,1,1,5,2,5,4,1,3,1
1,1,1,1,2,1,1,1,4,2,2,1,1,1,1
2,1,1,1,1,1,1,2,2,1,2,2,1,1,1
2,3,2,1,1,1,1,1,3,2,3,3,3,1,1
3,3,1,2,2,2,3,1,5,1,1,2,1,1,1
1,2,1,1,1,1,1,1,2,1,2,1,1,1,1
1,1,1,1,1,1,1,1,1,1,1,1,1,1,1
1,1,1,1,1,1,1,1,2,1,2,2,1,1,1
1,2,1,1,1,1,1,1,2,1,3,2,1,1,1
1,1,1,1,1,1,1,1,1,1,3,1,1,1,1
NA,NA,NA,NA,NA,NA,NA,NA,NA,NA,NA,NA,NA,NA,NA
1,1,1,1,1,1,2,1,2,1,3,2,1,1,1
2,2,1,1,1,1,1,1,3,4,5,3,3,3,1
3,1,1,1,1,1,1,1,4,3,3,2,1,2,1
1,1,1,2,1,1,1,1,1,1,2,2,1,1,1
2,1,1,1,1,1,1,1,3,2,2,1,1,1,1
1,1,1,1,1,1,1,1,1,1,3,1,1,1,1
1,1,1,1,1,1,1,1,2,1,2,1,1,1,1
1,1,2,1,1,1,1,3,1,1,2,2,1,1,1
1,1,2,1,1,1,1,2,1,1,1,1,1,1,1
2,1,2,1,2,2,2,2,5,3,3,2,1,1,1
2,1,2,1,2,1,1,3,4,1,4,2,1,1,1
NA,NA,NA,NA,NA,NA,NA,NA,NA,NA,NA,NA,NA,NA,NA
1,1,1,1,1,1,1,1,2,2,3,1,1,1,1
1,1,1,1,1,1,1,1,2,1,2,1,1,1,1
1,1,2,1,1,1,1,1,1,2,2,1,1,1,1
NA,NA,NA,NA,NA,NA,NA,NA,NA,NA,NA,NA,NA,NA,NA
1,1,1,1,1,1,1,1,2,1,3,1,1,1,1
1,2,1,1,1,1,1,1,3,2,2,3,1,1,2
1,1,1,1,1,1,1,1,1,1,4,2,1,1,1
NA,NA,NA,NA,NA,NA,NA,NA,NA,NA,NA,NA,NA,NA,NA
NA,NA,NA,NA,NA,NA,NA,NA,NA,NA,NA,NA,NA,NA,NA
2,1,1,1,1,1,1,1,3,3,5,1,1,1,1
1,1,1,1,1,1,1,1,2,2,2,1,1,1,1
3,1,3,1,3,1,2,3,3,1,3,2,2,1,1
2,1,1,1,1,1,1,1,5,3,2,2,2,1,1
3,NA,1,2,2,1,1,1,2,1,3,2,2,2,1
1,1,1,1,1,1,1,1,2,1,2,1,1,1,1
3,1,1,1,1,1,1,1,5,2,4,1,2,1,1
1,1,2,1,2,1,2,2,1,1,2,1,1,1,1
1,3,2,2,2,1,1,1,5,2,4,NA,1,2,2
1,1,2,1,1,1,1,1,3,1,5,2,1,1,1
NA,NA,NA,NA,NA,NA,NA,NA,NA,NA,NA,NA,NA,NA,NA
1,1,2,1,1,1,1,1,1,2,1,2,1,1,1
1,1,1,1,1,1,1,1,3,1,3,1,1,1,1
1,1,1,1,1,1,1,1,2,1,3,1,1,1,1
2,1,1,1,1,1,1,1,1,1,2,1,1,1,1
2,1,1,2,2,1,2,2,5,1,3,2,1,1,1
1,1,1,2,1,1,1,3,3,1,1,3,1,2,1
2,1,1,1,1,1,1,2,1,1,2,1,1,1,1
NA,NA,NA,NA,NA,NA,NA,NA,NA,NA,NA,NA,NA,NA,NA
1,1,1,1,1,1,1,1,3,2,2,1,1,1,1
3,1,2,3,3,3,3,3,1,1,1,2,1,1,1
1,3,2,3,2,1,1,1,5,3,2,3,2,1,1
1,1,1,1,1,1,1,1,4,3,5,2,1,1,1
1,1,1,1,1,1,1,1,1,1,3,1,1,1,1
1,1,1,1,1,1,1,1,2,1,5,5,5,1,1
1,1,1,1,1,1,1,1,1,1,1,1,1,1,1
1,1,1,1,1,1,1,1,2,1,2,1,1,1,1
2,1,1,1,1,1,1,1,3,1,4,1,1,1,1
2,1,1,1,1,1,1,1,2,1,2,1,1,1,1
3,1,1,3,3,1,3,1,NA,1,3,1,1,1,1
1,1,2,1,1,1,1,2,2,1,2,1,1,1,1
NA,NA,NA,NA,NA,NA,NA,NA,NA,NA,NA,NA,NA,NA,NA
2,1,2,1,1,1,1,1,5,2,3,3,3,1,1
NA,NA,NA,NA,NA,NA,NA,NA,NA,NA,NA,NA,NA,NA,NA
1,1,1,1,1,1,1,1,2,1,1,2,1,1,1
2,2,1,1,2,1,2,2,3,1,3,3,1,1,1
NA,NA,NA,NA,NA,NA,NA,NA,NA,NA,NA,NA,NA,NA,NA
1,1,1,1,1,1,1,1,3,1,2,1,1,1,1
1,1,1,1,1,1,1,1,1,1,2,1,1,1,1
2,2,1,1,1,1,1,1,2,1,3,1,1,1,1
1,1,1,1,1,1,1,1,1,1,2,2,1,1,1
2,1,1,1,1,1,1,1,1,1,2,1,1,1,1
NA,NA,NA,NA,NA,NA,NA,NA,NA,NA,NA,NA,NA,NA,NA
1,1,1,1,1,1,1,1,2,1,2,2,1,1,1
1,2,1,1,1,1,1,1,2,1,2,1,1,1,1
3,2,2,1,1,1,1,NA,2,1,2,1,1,1,1
1,1,2,1,2,1,2,2,2,1,4,1,1,1,1
2,3,2,1,1,1,1,1,3,1,3,1,1,1,1
2,1,3,1,2,1,2,2,2,1,3,2,1,1,1
1,1,1,1,1,1,1,1,2,1,3,1,1,1,1
1,1,1,1,1,1,1,1,2,1,3,1,1,1,1
3,3,3,3,1,1,3,1,3,5,2,5,4,1,1
2,1,1,2,2,1,1,1,1,1,1,2,1,2,1
2,3,1,1,1,1,1,1,2,1,3,1,1,1,1
1,1,2,1,1,1,1,1,2,1,2,1,1,2,1
1,1,1,1,2,1,1,3,1,1,1,1,1,1,1
NA,NA,NA,NA,NA,NA,NA,NA,NA,NA,NA,NA,NA,NA,NA
1,1,1,1,3,1,1,1,2,3,2,1,2,1,1
2,1,1,1,1,1,1,2,1,1,2,1,1,1,1
2,1,1,1,1,1,1,1,1,1,2,1,1,1,1
3,3,3,3,3,3,3,3,1,1,1,1,1,1,1
1,1,1,1,1,1,1,1,3,1,2,2,1,1,1
1,1,1,1,1,1,1,1,2,1,1,1,1,1,1
2,3,1,1,1,1,1,1,5,1,3,1,1,1,1
1,1,1,1,1,1,1,2,1,1,1,1,1,1,1
2,1,1,1,1,1,1,1,1,1,2,1,1,1,1
2,1,1,1,1,1,1,1,3,1,2,2,1,2,1
1,1,1,1,1,1,1,1,4,4,4,2,1,1,1
1,1,1,1,1,2,1,1,1,1,2,1,1,1,1
1,2,1,1,1,1,1,1,3,3,3,2,1,1,1
1,1,1,1,1,1,1,2,1,1,3,1,1,1,1
1,2,2,1,1,1,1,1,1,1,1,1,1,1,1
2,1,1,1,1,1,1,1,3,1,1,2,1,1,1
NA,NA,NA,NA,NA,NA,NA,NA,NA,NA,NA,NA,NA,NA,NA
2,1,3,2,2,1,1,3,2,3,2,3,1,1,1
1,3,1,1,1,1,1,1,2,4,NA,2,1,1,1
3,3,3,3,3,1,2,1,5,4,3,5,2,1,1
2,1,1,1,1,1,1,1,2,1,2,1,1,1,1
1,1,1,1,1,1,1,1,2,1,3,1,1,1,1
2,2,1,1,1,1,2,1,2,1,2,2,2,2,1
1,1,1,1,1,1,1,1,1,1,2,1,1,1,1
1,2,2,1,1,1,1,1,2,2,2,1,1,1,1
3,2,3,1,3,1,2,1,4,1,2,5,1,1,1
1,1,1,1,1,1,1,1,1,1,3,1,1,1,1
1,1,1,1,1,1,1,1,3,1,3,1,1,1,1
1,2,1,1,1,1,1,1,2,2,3,1,1,1,1
1,2,1,1,1,1,1,2,3,2,3,2,1,1,1
2,1,1,1,1,1,1,1,2,1,2,1,1,1,1
2,1,2,1,1,2,2,3,2,3,3,1,1,1,1
2,1,1,1,1,1,1,1,1,1,1,1,1,1,1
2,3,1,1,1,1,1,1,2,1,3,1,1,1,1
2,2,1,1,3,1,1,1,2,1,2,3,1,1,1
2,1,1,1,1,1,1,1,2,1,2,3,1,1,1
2,2,2,1,1,1,2,3,2,1,2,2,1,1,1
3,2,1,1,2,1,1,2,2,2,5,2,1,1,1
1,2,1,1,1,1,1,1,2,1,2,1,1,1,1
3,3,3,1,1,1,1,1,2,3,5,2,1,1,1
2,2,1,1,1,1,1,1,3,1,3,1,1,1,1
1,1,1,1,1,1,1,1,3,2,3,2,1,1,1
1,1,2,1,1,1,1,1,2,1,5,2,2,1,1
2,1,1,1,1,1,1,1,2,1,4,2,1,1,1
1,1,1,1,1,1,1,1,2,1,1,2,1,1,1
1,1,1,1,1,1,1,1,1,1,2,1,1,1,1
2,1,2,2,2,1,1,3,2,1,5,5,1,1,1
1,3,1,1,1,1,1,1,5,1,2,5,1,1,1
2,1,1,1,1,1,1,1,1,1,3,2,1,1,1
NA,NA,NA,NA,NA,NA,NA,NA,NA,NA,NA,NA,NA,NA,NA
1,2,1,1,1,1,1,1,2,2,3,2,1,1,1
3,3,2,2,2,1,3,1,5,4,5,5,5,3,1
1,1,1,1,1,1,1,1,1,1,2,1,1,1,1
2,1,1,1,1,1,1,1,2,1,2,1,1,1,1
1,1,1,1,1,1,1,2,1,2,1,1,1,1,1
NA,NA,NA,NA,NA,NA,NA,NA,NA,NA,NA,NA,NA,NA,NA
2,1,1,1,1,1,1,1,2,1,2,2,1,1,1
2,1,1,1,1,1,1,1,2,1,3,2,1,1,1
1,1,1,1,1,1,1,1,2,2,3,1,1,1,1
1,1,1,1,1,1,1,1,2,1,2,1,1,1,1
1,1,1,1,1,1,1,1,1,1,1,2,1,1,1
NA,NA,NA,NA,NA,NA,NA,NA,NA,NA,NA,NA,NA,NA,NA
1,1,1,1,1,1,1,1,1,1,1,2,1,1,1
1,1,1,1,2,1,1,1,1,1,4,2,1,1,1
1,3,1,1,1,1,1,1,2,1,3,3,1,1,1
1,3,1,1,1,1,1,1,2,1,2,3,3,2,1
2,1,1,1,1,1,1,2,3,2,2,NA,1,1,1
2,1,1,2,1,1,1,1,2,1,2,3,1,1,1
1,1,1,1,1,1,1,1,1,1,2,1,1,1,1
1,1,1,1,1,1,1,1,2,1,2,2,1,1,1
NA,NA,NA,NA,NA,NA,NA,NA,NA,NA,NA,NA,NA,NA,NA
2,1,1,1,1,1,1,1,1,1,3,1,1,1,1
1,2,1,1,1,2,2,2,1,1,1,2,1,1,1
2,1,1,1,1,1,3,2,1,1,2,1,1,1,1
2,1,1,1,1,1,1,1,4,1,2,2,1,1,1
3,1,1,1,1,1,3,2,3,1,2,2,1,1,1
1,1,1,1,1,1,1,1,1,1,2,2,1,1,1
1,1,1,1,1,1,1,1,1,3,2,2,1,1,1
1,1,1,1,2,1,2,1,3,1,2,1,1,1,1
2,1,1,1,1,1,1,1,3,1,2,2,1,1,1
2,1,1,2,1,1,1,1,1,1,2,2,1,1,1
1,1,1,1,1,1,1,1,1,1,2,3,1,1,1
NA,NA,NA,NA,NA,NA,NA,NA,NA,NA,NA,NA,NA,NA,NA
1,1,1,1,1,1,1,1,1,1,2,1,1,1,1
1,1,1,1,1,1,1,1,2,1,2,2,1,1,1
1,1,2,1,1,1,1,2,1,1,2,1,1,1,1
2,1,2,1,1,1,1,1,2,1,1,2,1,1,1
1,1,1,1,1,1,1,2,1,1,2,1,1,1,1
2,1,1,1,1,1,1,1,2,1,2,2,1,1,1
1,1,1,1,1,1,1,1,2,1,2,2,1,1,1
NA,NA,NA,NA,NA,NA,NA,NA,NA,NA,NA,NA,NA,NA,NA
NA,NA,NA,NA,NA,NA,NA,NA,NA,NA,NA,NA,NA,NA,NA
NA,NA,NA,NA,NA,NA,NA,NA,NA,NA,NA,NA,NA,NA,NA
1,1,1,1,1,1,1,1,3,1,3,2,1,1,1
1,1,3,1,2,1,2,1,1,1,2,2,1,1,1
2,1,1,1,NA,1,1,1,2,1,2,1,1,1,1
2,1,1,1,1,2,2,1,1,1,1,2,1,1,1
1,1,1,1,1,1,1,1,4,1,3,1,1,1,1
2,1,2,1,2,1,2,2,2,2,3,1,1,1,1
2,1,1,1,1,1,1,1,2,1,2,2,1,1,1
2,1,NA,2,2,1,1,2,2,NA,2,2,1,1,1
1,1,1,1,1,1,1,1,1,1,1,1,1,1,1
2,1,1,1,1,2,1,1,1,1,1,1,1,1,1
1,2,1,1,1,1,1,1,1,2,1,2,1,1,1
1,3,3,3,3,1,2,1,2,1,2,2,1,1,1
2,1,2,2,2,1,1,1,1,1,2,2,1,1,1
2,1,2,2,1,1,2,1,4,3,4,5,1,1,1
2,1,1,1,2,1,1,1,2,1,1,1,1,1,1
3,2,2,2,3,1,2,3,1,1,2,2,1,1,1
1,2,2,1,1,1,1,2,3,1,3,1,1,1,1
2,1,2,1,1,1,1,1,4,2,3,1,1,1,1
2,1,1,1,1,1,1,1,2,1,3,1,1,1,1
2,1,2,1,3,1,3,2,2,3,2,3,1,1,1
1,1,1,1,1,1,1,2,3,1,2,3,1,1,1
1,1,1,1,1,1,1,1,3,2,4,1,1,1,1
1,1,1,1,1,1,1,1,2,1,3,3,1,1,1
2,1,1,1,NA,2,1,1,1,1,1,1,1,1,1
2,3,1,1,3,1,2,3,3,2,2,2,1,1,1
2,1,1,1,1,1,1,1,2,1,2,1,1,1,1
NA,NA,NA,NA,NA,NA,NA,NA,NA,NA,NA,NA,NA,NA,NA
2,1,1,1,1,1,2,1,2,1,1,2,1,1,1
1,3,1,1,3,1,1,2,4,2,1,2,1,1,1
2,1,1,1,1,1,1,1,1,1,3,2,1,1,1
1,1,1,1,1,1,1,1,2,2,5,4,1,1,1
1,1,1,1,1,1,1,1,2,1,2,1,1,1,1
1,2,1,1,1,1,1,2,2,2,4,3,1,1,1
1,1,1,1,1,1,1,1,5,2,2,1,1,1,1
2,1,2,1,3,1,1,1,2,1,2,1,1,1,1
NA,NA,NA,NA,NA,NA,NA,NA,NA,NA,NA,NA,NA,NA,NA
1,1,2,1,NA,1,2,2,2,2,5,3,1,1,1
1,1,1,1,1,1,1,1,3,1,1,1,1,1,1
2,2,1,1,1,1,1,1,3,1,4,2,1,1,1
2,1,1,1,2,1,2,2,2,1,2,1,1,1,1
2,1,1,1,1,1,1,1,3,3,2,2,1,1,1
1,1,1,1,1,1,1,1,2,1,1,1,1,1,1
1,2,1,1,1,1,2,3,1,2,3,1,1,1,1
1,1,1,1,1,1,1,1,2,1,2,5,1,2,1
1,1,1,1,1,1,1,1,3,1,5,2,1,1,1
2,2,1,1,1,1,1,1,3,1,1,2,1,1,1
1,1,1,1,1,1,1,1,3,1,2,2,1,1,1
2,1,1,1,1,1,1,1,1,1,2,2,1,1,1
2,1,1,1,1,1,1,1,2,1,3,2,1,1,1
1,1,1,1,1,1,1,1,3,2,3,1,1,1,1
1,1,1,1,1,1,1,3,5,1,2,1,1,1,1
3,2,2,1,1,1,1,2,5,2,4,2,1,1,1
1,1,1,1,1,1,1,2,1,1,1,2,1,1,1
1,1,1,1,1,1,1,1,2,1,2,1,1,1,1
2,1,1,1,2,1,2,1,4,2,3,NA,1,1,1
1,1,1,1,1,1,1,1,2,1,2,1,1,1,1
1,1,1,1,1,1,1,1,2,1,3,1,1,1,1
2,1,1,1,1,1,1,1,2,1,2,2,1,1,1
2,1,1,1,2,1,2,1,4,2,2,2,1,1,1
2,1,2,1,1,1,2,1,3,1,5,3,1,2,1
1,1,2,3,3,1,2,1,2,1,NA,1,1,1,1
1,1,1,1,2,1,1,1,1,1,3,1,1,1,1
2,1,1,1,1,1,1,1,5,1,1,1,1,1,1
1,1,1,1,1,1,1,1,2,1,3,1,1,1,1
NA,NA,NA,NA,NA,NA,NA,NA,NA,NA,NA,NA,NA,NA,NA
1,3,1,1,1,1,1,1,2,1,2,3,1,1,1
1,1,1,1,1,1,1,3,3,1,2,1,1,1,1
2,1,1,2,2,1,1,2,2,1,2,1,1,1,1
1,1,1,1,1,1,1,1,3,1,2,1,1,1,1
3,1,1,1,1,1,1,1,2,1,4,1,1,1,1
1,3,2,2,2,1,1,2,1,2,2,3,1,2,2
2,2,1,1,2,1,2,1,4,3,3,2,2,1,1
2,1,1,3,3,1,1,1,2,2,2,2,1,1,1
NA,NA,NA,NA,NA,NA,NA,NA,NA,NA,NA,NA,NA,NA,NA
1,1,1,1,1,1,1,1,1,1,2,2,1,1,1
2,1,1,1,1,1,1,1,3,1,2,2,1,1,1
1,1,1,1,1,1,1,1,1,1,2,1,1,1,1
2,1,1,1,1,1,2,1,2,1,4,1,1,1,1
1,1,1,1,2,1,1,1,5,1,5,1,1,1,1
1,1,1,1,1,1,1,1,1,1,2,2,1,1,1
2,1,1,1,1,1,1,1,3,1,2,2,1,1,1
1,1,1,1,1,1,1,1,2,1,2,1,1,1,1
1,1,2,1,3,1,2,2,2,1,2,1,1,1,1
2,1,1,1,2,1,1,2,4,1,3,3,1,2,1
2,1,1,1,1,1,1,1,3,1,3,1,1,1,1
1,1,1,1,1,1,1,1,1,1,1,4,1,1,1
1,1,1,1,1,1,1,1,2,1,3,1,1,1,1
1,3,3,1,1,1,1,3,2,1,2,1,1,1,1
1,1,2,1,3,1,1,3,1,1,1,1,1,1,1
1,1,1,1,1,1,1,1,2,1,1,2,1,1,1
1,1,2,1,1,2,1,2,1,1,2,2,1,1,1
1,1,1,1,1,1,1,1,1,1,4,2,1,1,1
NA,NA,NA,NA,NA,NA,NA,NA,NA,NA,NA,NA,NA,NA,NA
3,2,1,1,1,1,1,1,2,2,1,2,2,2,NA
1,1,1,1,1,1,1,1,3,2,1,2,1,1,1
2,1,1,1,1,1,1,1,2,1,1,2,1,1,1
2,1,1,1,1,1,1,1,2,1,1,2,1,2,1
1,1,1,1,1,1,1,2,3,1,2,1,1,1,1
2,1,1,1,1,1,1,1,1,1,1,1,1,1,1
2,2,1,1,1,1,2,1,2,1,3,NA,1,1,1
1,1,1,1,1,1,1,1,5,4,2,1,1,1,1
1,NA,1,1,1,1,1,1,5,3,2,2,1,2,1
3,1,1,2,1,1,1,1,3,1,3,4,2,2,1
1,1,1,1,1,1,1,1,5,1,2,5,1,1,1
1,1,1,1,1,1,1,2,1,1,1,2,1,1,1
1,1,1,1,1,1,1,1,1,1,2,1,1,1,1
2,1,1,1,1,1,2,1,5,3,5,2,1,1,1
2,1,3,1,2,1,1,3,4,1,3,5,1,1,1
1,1,1,1,1,1,1,1,2,1,1,1,1,1,1
2,3,3,3,2,2,3,3,3,2,4,2,1,1,1
NA,NA,NA,NA,NA,NA,NA,NA,NA,NA,NA,NA,NA,NA,NA
2,1,2,1,1,1,1,1,3,1,3,4,1,1,1
2,1,1,1,3,1,2,1,2,1,3,2,1,1,1
1,1,1,1,1,1,1,1,1,1,1,1,1,1,1
NA,NA,NA,NA,NA,NA,NA,NA,NA,NA,NA,NA,NA,NA,NA
1,1,1,1,1,1,1,1,3,1,3,2,1,1,1
2,1,1,1,1,1,1,1,3,1,3,2,NA,1,1
2,1,2,1,1,1,1,1,3,2,3,2,1,2,1
1,1,1,1,1,1,1,1,2,1,2,2,1,1,1
2,1,1,1,1,1,1,1,2,1,NA,NA,1,1,1
1,1,1,1,1,1,1,1,3,1,3,1,1,1,1
1,1,1,1,1,1,1,1,3,NA,3,1,1,1,1
NA,NA,NA,NA,NA,NA,NA,NA,NA,NA,NA,NA,NA,NA,NA
3,1,1,1,1,1,1,2,2,2,2,1,1,1,1
2,2,3,1,2,1,1,2,2,1,2,1,1,1,1
2,1,1,1,1,1,1,1,5,1,2,3,1,1,1
2,1,1,1,1,1,1,1,2,2,2,3,1,1,1
2,1,2,1,2,1,1,2,1,1,2,2,1,1,1
1,2,3,1,2,1,1,2,1,1,2,1,1,1,1
3,1,2,1,1,1,2,1,1,1,2,2,1,1,1
3,1,3,2,2,1,2,2,3,1,3,3,3,1,1
2,1,2,1,2,1,1,2,2,1,1,2,1,1,1
1,1,2,1,1,1,1,1,1,1,3,1,1,1,1
2,1,1,2,1,1,2,1,3,1,1,2,1,1,1
2,1,1,1,1,1,1,1,3,1,2,1,1,1,1
1,1,1,1,1,1,1,1,2,1,3,2,1,1,1
1,1,1,1,1,1,1,1,3,NA,NA,2,1,1,1
2,2,3,1,1,1,2,1,2,1,2,2,1,1,1
3,2,1,1,1,1,1,1,1,1,2,1,1,1,1
2,1,1,1,1,1,1,1,5,2,4,1,1,1,1
1,1,1,1,1,1,1,1,3,1,3,2,2,1,1
