BYS20A,BYS20B,BYS20C,BYS20D,BYS20E,BYS20F,BYS20G,BYS20H,BYS20I,BYS20J,BYS20K,BYS20L,BYS20M,BYS20N,BYS21A,BYS21B,BYS21C,BYS21D,BYS21E,BYSEX,BYRACE,BYSTLANG
3,2,4,2,3,3,2,1,3,3,3,2,2,1,3,2,1,2,3,2,5,1
3,3,4,2,3,3,3,3,3,3,3,3,3,2,4,3,3,3,2,2,2,0
2,1,3,2,1,NA,2,2,3,1,2,3,NA,4,3,1,3,3,3,1,3,1
2,4,4,2,3,2,1,2,4,3,3,3,2,4,4,1,3,3,3,2,2,0
2,2,3,2,2,3,3,3,3,3,2,2,2,3,3,2,3,3,3,2,5,0
3,3,4,3,3,3,3,3,3,4,3,3,NA,3,3,3,3,3,3,2,5,1
NA,NA,NA,NA,NA,NA,NA,NA,NA,NA,NA,NA,NA,NA,NA,NA,NA,NA,NA,1,NA,NA
3,2,3,2,3,2,2,4,3,3,1,2,3,3,3,3,2,3,2,2,7,1
NA,NA,NA,NA,NA,NA,NA,NA,NA,NA,NA,NA,NA,NA,NA,NA,NA,NA,NA,2,7,1
3,2,3,1,3,3,2,3,3,3,2,2,3,1,4,3,4,2,3,1,7,1
3,4,4,3,3,3,3,4,4,4,3,3,3,4,4,3,3,3,3,1,2,1
3,3,3,3,3,3,3,3,3,4,3,3,4,4,3,3,3,2,3,2,7,1
3,2,3,1,3,3,3,3,3,2,3,2,3,3,4,3,2,3,3,2,7,1
3,2,3,3,3,2,3,3,3,3,3,3,3,3,2,3,2,2,2,1,7,1
NA,NA,NA,NA,NA,NA,NA,NA,NA,NA,NA,NA,NA,NA,NA,NA,NA,NA,NA,NA,NA,NA
3,3,3,2,3,2,2,3,3,3,2,3,4,3,3,3,3,3,3,1,7,1
3,3,3,2,2,2,2,3,3,3,2,2,3,3,3,2,2,3,3,1,7,1
3,2,4,3,4,3,3,3,3,4,3,3,3,3,2,3,4,3,3,1,7,1
3,3,3,2,3,3,3,3,3,3,2,2,3,3,3,3,3,3,3,1,7,1
3,3,3,2,2,3,4,2,3,3,3,4,4,3,2,1,2,4,2,1,7,0
3,3,3,3,3,3,3,4,3,3,3,2,3,3,3,3,3,2,2,1,7,1
NA,NA,NA,NA,NA,NA,NA,NA,NA,NA,NA,NA,NA,NA,NA,NA,NA,NA,NA,1,2,1
4,3,3,3,3,3,3,3,3,4,3,3,3,3,3,3,3,3,2,1,7,1
2,3,3,2,3,3,4,3,3,4,4,4,4,2,3,1,2,2,3,2,5,1
3,2,3,2,3,4,3,4,3,3,3,3,3,3,2,2,4,3,3,2,2,0
3,3,4,3,3,3,3,3,3,3,3,2,3,3,3,2,3,3,3,2,7,1
3,2,2,1,1,1,2,2,1,3,1,1,3,4,2,2,2,2,2,2,7,1
3,3,3,2,3,3,3,3,3,3,3,3,3,3,3,3,3,3,3,2,7,1
3,3,4,3,3,3,2,3,3,4,4,3,4,4,3,2,3,3,2,1,7,1
3,4,4,2,2,2,2,3,2,2,3,2,2,3,4,2,2,3,3,2,7,1
3,3,4,3,3,3,1,3,1,4,2,1,4,4,4,2,2,3,2,2,7,1
3,2,3,1,3,2,2,3,3,4,4,1,4,4,3,1,2,2,3,1,7,1
3,3,3,4,4,3,3,4,3,4,2,3,3,3,4,3,2,3,3,1,7,1
3,2,3,2,3,3,3,3,3,3,3,2,3,2,3,3,3,3,3,1,7,1
2,3,4,2,4,4,4,4,4,4,2,3,4,4,3,3,3,3,3,2,7,1
3,2,3,3,2,2,3,3,3,3,3,3,3,3,3,2,3,3,2,2,7,1
3,3,3,2,3,3,3,3,3,3,3,3,3,4,3,3,2,3,3,2,7,1
3,2,3,1,2,2,3,4,3,3,2,1,3,4,3,3,1,2,2,2,7,1
3,2,3,1,3,3,3,3,2,3,4,2,3,4,3,3,2,2,3,1,7,1
4,3,3,3,4,3,4,4,4,4,4,4,4,4,4,4,4,4,4,2,7,1
3,1,2,2,3,2,2,4,3,3,3,3,4,3,4,3,4,2,3,2,2,0
3,3,4,2,3,3,4,3,4,4,3,3,3,3,3,3,3,4,3,2,7,1
3,3,3,2,3,3,2,4,3,3,1,1,4,4,4,4,3,3,3,1,7,1
4,3,1,3,3,2,3,1,4,1,2,3,4,1,4,3,2,1,4,1,2,0
1,3,3,1,3,2,3,3,4,3,2,2,1,1,4,3,3,3,4,1,6,1
3,3,3,2,3,3,3,3,2,3,NA,2,2,2,2,2,2,3,3,1,5,1
3,2,3,2,3,3,3,3,3,3,2,1,2,2,3,2,1,1,2,1,7,1
3,2,3,2,3,3,2,3,3,2,2,2,1,1,3,2,2,3,3,2,5,0
2,2,3,1,3,3,3,4,4,4,3,2,2,4,2,2,3,2,3,1,4,1
3,3,4,NA,3,3,NA,NA,NA,NA,NA,NA,NA,NA,4,4,4,4,4,2,7,1
3,2,4,2,4,2,3,4,4,4,1,2,3,3,3,1,3,2,4,2,3,1
3,3,4,2,4,3,3,3,3,4,4,3,3,3,2,3,3,3,3,1,2,0
3,3,3,2,3,3,2,3,3,3,3,2,3,3,3,3,2,2,3,1,6,1
3,4,4,3,3,3,4,4,4,4,4,4,4,4,3,3,4,3,4,2,2,1
3,2,1,3,3,NA,1,3,4,1,2,1,4,4,3,1,1,1,1,2,7,1
2,1,2,1,2,2,3,3,2,3,2,1,2,3,2,2,1,1,2,1,7,1
3,2,2,2,3,2,1,3,3,2,2,1,2,3,2,2,3,3,2,1,7,1
2,3,3,2,3,3,3,4,4,4,2,3,4,4,3,3,3,3,3,2,7,1
2,4,3,2,3,4,3,4,3,4,3,2,3,2,3,2,3,3,3,2,6,1
NA,NA,NA,NA,NA,NA,NA,NA,NA,NA,NA,NA,NA,NA,NA,NA,NA,NA,NA,NA,NA,NA
NA,NA,NA,NA,NA,NA,NA,NA,NA,NA,NA,NA,NA,NA,NA,NA,NA,NA,NA,NA,NA,NA
4,4,4,3,NA,4,4,4,4,4,4,4,4,4,4,4,4,3,3,2,3,1
3,4,3,2,3,3,3,4,4,3,4,2,3,4,3,2,3,3,3,1,3,1
3,4,3,1,NA,4,4,3,2,3,2,2,3,2,3,3,3,3,3,1,3,0
3,4,4,3,3,3,2,3,4,4,4,3,4,4,3,3,2,3,3,1,6,0
3,4,3,2,3,4,3,3,3,3,1,2,2,2,2,2,4,4,1,2,7,1
2,4,4,2,3,2,2,3,4,4,3,3,3,2,1,1,1,2,2,1,3,1
2,3,3,3,3,3,3,3,3,2,2,2,3,3,3,2,3,3,3,2,3,1
2,3,4,1,3,2,2,3,3,3,3,3,4,4,4,1,3,2,4,2,3,1
2,3,NA,2,3,2,2,3,3,3,2,2,2,3,1,3,2,2,2,1,7,1
1,3,4,3,3,3,4,2,4,4,4,4,4,4,4,2,2,4,4,2,7,1
2,3,3,2,2,2,2,2,3,2,3,3,2,1,3,1,1,2,2,2,7,1
3,3,4,3,3,3,3,4,4,3,1,2,2,3,3,3,4,3,3,1,7,1
3,2,3,3,3,3,3,3,3,3,2,3,4,3,3,2,2,3,3,2,3,1
2,3,3,1,4,3,3,4,4,3,3,3,2,3,3,3,3,3,4,2,2,0
3,3,4,1,4,4,4,4,4,4,4,4,2,3,4,3,4,4,3,1,7,1
NA,NA,NA,NA,NA,NA,NA,NA,NA,NA,NA,NA,NA,NA,NA,NA,NA,NA,NA,2,2,1
NA,NA,NA,NA,NA,NA,NA,NA,NA,NA,NA,NA,NA,NA,NA,NA,NA,NA,NA,1,7,1
3,3,2,2,4,3,2,3,2,3,3,2,2,2,2,1,2,2,2,1,7,1
3,2,3,2,4,3,3,3,2,3,2,2,1,1,2,3,2,2,3,2,7,1
3,3,3,1,3,3,2,3,2,3,2,2,1,4,2,2,2,3,2,1,3,1
3,3,3,3,3,3,2,3,3,4,3,3,4,3,3,3,3,3,3,2,7,1
3,3,4,2,3,3,2,4,3,4,2,1,2,3,3,3,1,2,2,1,7,1
3,3,3,3,3,3,3,4,4,4,3,3,3,3,3,3,3,3,3,1,7,1
NA,NA,NA,NA,NA,NA,NA,NA,NA,NA,NA,NA,NA,NA,NA,NA,NA,NA,NA,NA,NA,NA
2,3,4,2,3,3,3,3,3,3,1,2,3,3,2,3,2,3,2,2,7,1
3,3,3,2,3,3,3,3,3,3,3,3,3,3,3,2,3,4,2,1,7,1
4,3,4,3,3,3,3,4,4,4,3,3,3,4,3,3,4,3,2,1,2,0
2,3,3,2,3,NA,2,4,3,4,1,1,4,3,3,2,3,2,2,2,2,0
3,2,3,3,3,3,2,4,4,4,4,2,2,3,3,3,2,2,2,1,7,1
3,3,4,3,NA,3,2,3,3,3,2,2,2,4,2,3,3,3,3,2,7,1
1,2,2,2,3,1,2,1,4,4,3,4,4,4,3,2,3,4,3,1,7,1
3,2,1,2,2,2,3,3,3,3,4,1,2,3,3,1,1,3,3,1,7,1
2,3,3,1,2,2,3,3,2,2,2,2,2,2,3,2,2,2,3,2,7,1
3,3,3,3,3,2,2,3,3,3,3,2,3,2,2,3,3,3,2,1,3,1
3,2,3,2,3,3,3,3,3,2,2,2,3,2,3,3,2,2,3,1,7,1
3,3,3,2,4,3,3,4,4,4,2,3,4,3,3,3,3,2,3,2,6,1
2,2,3,2,2,2,3,3,3,3,2,1,3,2,3,3,2,2,3,2,7,1
3,3,3,2,3,3,3,3,3,3,3,3,3,3,3,2,3,2,3,2,7,1
3,2,2,2,3,3,2,4,2,3,1,1,3,3,3,3,4,3,3,1,7,1
3,3,3,3,3,3,2,3,3,3,4,3,3,4,3,2,2,3,2,2,7,1
NA,NA,NA,NA,NA,NA,NA,NA,NA,NA,NA,NA,NA,NA,NA,NA,NA,NA,NA,1,NA,NA
3,3,3,3,4,3,3,3,3,4,2,3,4,4,4,3,4,3,4,1,7,1
3,4,3,2,3,3,3,3,3,3,2,3,3,3,4,3,3,3,3,1,7,1
2,3,3,2,2,1,1,2,3,3,3,2,3,3,2,1,1,1,1,1,5,1
3,2,3,1,3,2,2,3,3,1,2,2,3,2,3,3,1,3,3,1,7,1
3,3,3,2,4,4,4,4,3,4,4,4,2,3,4,3,2,3,4,1,7,1
NA,NA,NA,NA,NA,NA,NA,NA,NA,NA,NA,NA,NA,NA,NA,NA,NA,NA,NA,2,7,1
NA,NA,NA,NA,NA,NA,NA,NA,NA,NA,NA,NA,NA,NA,NA,NA,NA,NA,NA,1,7,1
3,3,2,1,3,3,3,3,3,3,1,3,3,3,4,4,4,2,3,1,7,1
3,2,3,2,2,2,3,3,3,4,4,3,3,2,2,1,1,3,2,1,7,1
3,3,3,3,3,2,3,2,3,3,2,3,3,3,3,3,1,3,3,1,7,1
NA,NA,NA,NA,NA,NA,NA,NA,NA,NA,NA,NA,NA,NA,NA,NA,NA,NA,NA,NA,NA,NA
NA,NA,NA,NA,NA,NA,NA,NA,NA,NA,NA,NA,NA,NA,NA,NA,NA,NA,NA,2,7,1
3,4,3,3,3,3,2,3,3,4,3,2,3,3,4,3,2,2,2,1,7,1
3,4,4,2,3,3,3,4,4,4,1,3,3,4,4,4,4,4,4,1,6,1
3,1,2,3,2,3,2,3,3,2,2,1,4,2,3,1,3,3,4,2,6,1
3,3,3,2,1,1,1,3,3,3,3,2,3,3,2,2,2,2,2,1,7,1
3,3,3,1,3,2,2,2,NA,3,2,2,1,2,3,2,2,2,3,1,7,1
3,3,3,3,3,3,2,4,3,3,2,2,4,4,3,2,2,2,3,2,7,1
3,3,3,NA,NA,3,3,3,3,3,3,3,3,3,4,2,3,4,3,1,7,1
3,3,3,2,3,3,2,4,4,4,4,2,3,4,3,3,2,3,3,2,7,1
3,3,3,1,3,3,4,3,4,3,2,2,2,2,3,2,2,4,3,2,6,1
2,3,3,2,2,2,2,3,3,3,2,2,2,3,3,2,2,3,2,2,3,1
3,2,3,1,3,3,3,3,3,3,1,1,3,3,3,3,2,2,2,2,2,0
3,3,4,1,3,3,3,3,3,4,3,2,2,2,3,3,3,3,2,1,6,1
3,2,2,1,3,3,2,3,3,3,1,2,3,2,3,4,2,3,3,2,2,0
3,2,3,3,3,2,3,3,3,2,3,2,3,2,3,NA,3,3,3,2,7,1
3,3,4,2,3,3,3,4,NA,3,3,2,3,3,3,3,3,3,3,2,7,1
2,2,4,2,1,1,1,3,4,4,1,1,1,4,2,1,4,4,3,1,2,1
3,2,3,1,2,NA,2,3,3,1,2,2,NA,3,3,1,2,3,4,1,1,1
3,4,3,2,3,3,2,3,3,3,2,2,3,3,3,3,4,3,3,2,2,0
3,4,3,3,3,3,3,3,3,3,2,2,3,3,3,3,3,3,3,2,2,1
3,2,3,2,3,2,3,4,4,NA,2,1,3,3,3,3,3,2,2,2,7,1
3,2,3,2,2,3,2,3,3,3,3,2,1,2,4,3,2,2,3,1,7,1
4,4,3,3,3,NA,3,4,NA,3,4,3,2,4,4,2,3,3,3,1,7,1
3,3,3,2,4,4,4,4,4,3,1,3,4,2,3,3,3,3,3,2,7,1
3,4,3,3,3,4,4,4,4,4,3,3,2,2,4,4,4,3,3,2,7,1
3,3,3,3,3,3,2,3,3,4,3,3,3,2,3,2,3,3,3,1,7,1
3,4,3,2,3,3,3,4,3,3,2,2,3,3,2,3,4,3,3,1,7,1
2,3,1,2,3,3,3,3,1,3,3,2,4,1,3,1,1,3,2,1,7,1
3,2,3,2,3,2,3,3,3,3,2,3,3,3,3,2,3,3,3,1,7,1
3,2,3,3,4,3,3,3,3,3,3,3,3,4,3,2,2,3,3,1,3,1
3,3,4,2,3,3,4,4,3,4,2,1,2,3,3,2,2,3,3,1,7,1
3,2,3,2,3,3,2,3,3,3,3,2,3,3,3,3,2,3,2,1,7,1
3,3,4,2,3,3,3,3,3,4,3,3,3,3,3,3,4,3,3,2,7,1
3,4,4,2,3,3,2,3,3,3,2,2,4,4,4,4,3,3,3,1,7,1
2,3,3,2,2,1,2,2,3,4,3,2,3,4,2,2,1,3,3,2,7,1
3,3,3,2,3,3,3,3,3,3,3,2,2,3,3,3,2,3,3,2,7,1
3,3,3,1,3,2,3,3,2,3,2,3,3,2,3,3,4,2,2,1,6,1
2,1,3,2,3,2,3,1,4,4,4,3,2,3,2,1,1,2,3,1,4,0
2,1,3,1,1,1,1,3,4,1,2,1,1,2,3,2,1,2,3,1,7,1
3,2,3,3,3,3,3,3,3,3,3,2,2,2,3,3,3,3,3,2,7,1
2,3,3,2,3,3,3,3,2,3,2,1,3,2,3,3,1,2,2,1,7,1
3,3,3,3,3,3,2,4,3,4,3,2,3,3,3,3,2,3,3,1,1,1
2,3,3,2,3,2,3,3,3,4,3,2,4,3,3,2,4,3,3,1,7,1
3,3,3,2,3,3,2,3,3,4,3,3,3,3,3,3,3,3,3,2,7,1
3,4,3,2,3,4,3,4,3,4,3,2,4,4,2,1,2,3,3,2,7,1
4,3,3,2,3,3,3,3,3,4,3,2,3,3,3,3,3,3,3,2,7,1
3,4,2,1,2,2,2,2,3,4,2,2,3,4,2,2,2,2,3,1,7,0
3,3,3,2,2,2,2,3,3,3,3,3,3,3,2,2,1,3,3,1,7,1
3,3,3,2,3,4,3,3,2,3,2,3,3,3,3,3,3,3,3,2,7,1
3,3,3,2,3,3,3,3,3,3,2,2,3,3,3,3,2,2,3,2,2,1
3,4,4,2,3,4,3,3,2,3,2,2,2,3,4,3,4,3,3,1,6,0
2,3,3,1,NA,2,2,4,4,2,2,2,3,3,3,2,2,2,3,2,7,1
NA,NA,NA,NA,NA,NA,NA,NA,NA,NA,NA,NA,NA,NA,NA,NA,NA,NA,NA,NA,NA,NA
3,4,3,1,3,3,2,4,3,4,3,2,4,3,3,3,3,2,2,2,7,1
3,3,3,2,3,3,3,3,3,3,3,3,3,3,3,3,3,2,3,1,7,1
1,1,3,1,3,1,3,1,1,1,2,1,4,4,1,1,1,3,2,1,7,1
3,3,4,1,3,3,3,4,4,4,3,4,4,4,3,3,4,3,3,2,7,1
3,2,3,2,3,3,2,3,3,3,3,2,3,3,3,2,3,2,2,2,7,1
3,3,3,3,3,3,3,3,2,4,3,3,4,4,3,2,1,2,3,1,7,1
NA,NA,NA,NA,NA,NA,NA,NA,NA,NA,NA,NA,NA,NA,NA,NA,NA,NA,NA,2,NA,NA
3,3,3,2,3,3,2,3,3,3,3,3,3,3,3,2,3,3,3,1,3,1
1,4,3,2,3,3,3,4,4,3,4,4,4,4,2,4,4,4,4,2,3,1
3,3,3,1,3,2,3,3,1,3,1,2,4,4,3,2,3,3,3,2,5,1
3,3,3,3,3,3,3,4,4,4,2,2,3,4,3,2,3,3,3,1,7,1
3,1,4,2,2,3,4,4,4,4,4,2,4,4,4,1,3,4,3,2,4,1
NA,NA,NA,NA,NA,NA,NA,NA,NA,NA,NA,NA,NA,NA,NA,NA,NA,NA,NA,1,3,1
1,3,3,1,1,2,2,1,2,1,1,1,3,3,1,1,1,4,1,2,2,1
2,1,1,3,2,3,2,3,3,3,4,3,3,4,3,2,2,3,3,1,7,1
3,3,4,3,4,4,4,3,3,4,3,3,3,3,3,3,2,3,2,2,7,1
3,3,4,3,2,2,3,3,3,4,3,3,4,4,3,3,3,2,3,2,7,1
3,3,3,2,3,3,3,3,3,3,4,2,1,2,3,3,3,3,3,1,7,1
3,3,4,2,3,2,1,4,3,3,3,2,4,4,2,2,3,3,2,1,7,1
3,4,3,3,2,3,3,4,4,4,4,3,3,3,3,NA,3,2,3,2,2,1
3,3,3,3,3,2,3,3,3,3,3,3,3,3,2,2,2,3,2,2,7,1
4,2,3,2,2,3,3,4,4,2,3,2,4,4,1,1,1,3,3,2,5,0
3,4,4,1,3,3,3,4,4,4,1,4,4,4,3,2,1,3,3,1,3,1
1,2,3,1,3,2,3,3,4,3,4,2,3,3,3,1,1,2,3,2,3,1
3,4,3,1,4,4,3,3,3,3,1,2,1,2,4,2,4,3,4,1,6,1
2,1,3,2,3,2,2,3,3,2,2,2,1,1,3,1,2,3,3,1,3,1
3,3,3,1,3,3,4,3,4,3,2,2,3,2,3,4,4,4,4,1,2,1
3,2,3,2,4,4,3,3,3,4,2,3,2,3,3,2,3,3,4,2,7,1
3,2,3,2,2,2,3,3,3,4,3,3,3,3,3,2,1,3,3,2,7,1
3,3,3,2,3,3,3,3,4,3,2,2,NA,2,3,3,3,2,3,1,7,1
3,3,3,3,2,4,3,3,3,3,2,2,4,2,2,1,1,3,2,1,7,1
4,3,4,2,4,4,3,4,4,4,4,4,4,4,4,2,4,4,4,2,3,1
3,3,2,3,4,4,4,3,4,4,4,4,4,4,4,4,4,3,4,1,7,1
NA,NA,NA,NA,NA,NA,NA,NA,NA,NA,NA,NA,NA,NA,NA,NA,NA,NA,NA,2,7,1
3,2,3,2,2,2,3,3,3,3,2,1,3,4,4,3,1,2,3,2,2,0
2,2,3,2,2,1,NA,3,4,3,3,3,3,3,3,2,2,3,3,1,3,1
NA,NA,NA,NA,NA,NA,NA,NA,NA,NA,NA,NA,NA,NA,NA,NA,NA,NA,NA,1,7,1
NA,NA,NA,NA,NA,NA,NA,NA,NA,NA,NA,NA,NA,NA,NA,NA,NA,NA,NA,NA,NA,NA
3,4,4,2,4,2,2,3,3,2,1,2,3,4,3,2,2,3,3,1,3,1
2,1,3,2,3,3,3,4,3,NA,2,2,3,2,3,3,3,2,3,2,7,1
3,2,2,2,3,3,3,3,3,3,3,2,3,3,3,3,4,3,4,2,7,0
3,2,4,2,3,3,4,2,3,3,2,3,3,3,2,3,2,2,2,1,7,1
3,2,4,2,4,3,2,2,3,4,3,1,1,1,3,1,1,3,2,1,7,1
3,3,4,2,3,3,2,3,3,3,1,3,3,3,3,3,2,3,3,2,7,0
2,2,3,2,2,1,2,3,3,3,2,2,2,2,3,2,2,3,2,1,3,1
2,1,2,2,3,2,2,2,2,2,2,2,3,2,2,2,2,2,2,2,7,0
3,2,3,2,3,3,3,3,3,3,2,3,2,3,3,3,3,3,3,2,7,1
3,3,3,2,3,4,4,4,3,3,2,2,4,4,3,2,3,2,3,1,3,1
3,3,3,2,3,3,3,3,3,3,3,3,3,3,3,3,2,2,3,2,7,1
2,3,2,1,2,1,3,1,2,2,2,1,2,4,2,2,3,3,1,1,7,1
3,4,4,3,3,3,2,3,3,3,3,3,3,3,3,3,3,3,3,2,7,1
3,3,4,2,3,3,3,3,3,3,2,3,1,2,4,3,2,3,3,1,3,1
3,3,3,2,3,3,3,3,3,3,3,3,3,3,3,2,3,3,3,2,7,1
3,3,3,2,3,2,3,4,3,4,2,2,3,3,2,3,1,3,2,1,7,1
2,2,4,2,3,2,3,3,3,3,3,3,2,3,4,3,3,2,3,2,7,1
3,3,2,1,2,2,2,3,2,3,2,1,2,3,3,3,3,2,3,2,6,1
1,2,1,2,2,2,2,4,4,3,2,1,2,3,2,1,2,2,1,2,3,1
3,4,4,2,3,3,3,3,4,4,3,3,3,2,3,2,2,2,3,2,7,1
NA,NA,NA,NA,NA,NA,NA,NA,NA,NA,NA,NA,NA,NA,NA,NA,NA,NA,NA,2,7,1
3,4,3,3,3,3,3,4,4,4,3,3,4,4,4,3,4,3,4,1,7,1
3,1,3,2,3,4,2,4,4,3,3,2,3,2,3,3,4,3,3,2,2,1
2,2,3,2,2,2,2,2,3,2,3,3,4,3,3,2,2,4,3,1,3,1
3,3,3,1,3,2,2,2,3,3,2,2,4,1,3,3,2,1,2,2,3,1
NA,NA,NA,NA,NA,NA,NA,NA,NA,NA,NA,NA,NA,NA,NA,NA,NA,NA,NA,1,3,1
2,2,3,2,2,3,2,3,4,3,2,2,2,2,2,1,3,3,2,1,3,1
2,4,4,1,3,3,3,3,3,3,4,2,NA,4,3,NA,3,3,2,1,7,1
2,3,4,4,1,1,2,1,4,4,4,3,4,2,3,1,3,4,3,2,7,1
4,4,4,2,3,3,4,3,3,4,3,4,2,2,3,4,4,3,3,1,7,1
3,3,3,3,3,3,3,4,4,4,3,3,3,4,3,NA,3,4,3,2,7,1
NA,NA,NA,NA,NA,NA,NA,NA,NA,NA,NA,NA,NA,NA,NA,NA,NA,NA,NA,NA,NA,NA
NA,NA,NA,NA,NA,NA,NA,NA,NA,NA,NA,NA,NA,NA,NA,NA,NA,NA,NA,NA,NA,NA
3,3,4,2,3,3,2,3,2,3,2,2,2,3,3,2,2,3,3,2,7,1
2,1,2,2,2,2,2,2,2,2,2,2,3,3,3,1,1,3,3,2,7,1
3,1,4,3,3,2,1,4,4,4,4,4,4,4,4,3,2,3,2,2,7,1
3,3,3,3,3,2,3,3,3,3,3,2,3,3,3,2,1,2,3,2,7,1
3,2,3,2,3,3,3,3,3,3,2,2,3,3,3,2,1,4,3,1,7,1
3,3,2,2,3,3,2,3,3,4,3,3,4,4,3,3,2,3,3,1,7,1
3,4,3,1,3,3,2,4,2,2,2,3,3,3,2,3,3,2,3,1,7,1
3,4,3,2,3,3,3,4,4,4,4,4,3,3,4,3,3,2,2,2,3,1
3,4,3,2,3,3,2,3,3,3,3,4,3,3,3,3,3,2,3,1,7,1
3,3,3,2,1,2,2,3,3,3,3,3,3,3,2,3,3,3,3,2,3,1
3,3,4,2,4,4,3,4,4,4,2,3,NA,3,3,3,3,3,3,1,7,1
3,NA,3,1,3,3,2,2,4,2,3,1,1,2,2,3,3,3,3,1,7,1
3,4,3,2,3,3,2,3,4,4,3,3,4,4,3,3,3,3,3,2,7,1
3,3,3,2,3,3,2,4,4,4,3,2,3,3,3,2,3,3,3,1,7,1
3,3,3,2,3,3,3,3,3,4,3,3,3,3,3,3,3,3,3,1,7,1
3,4,3,2,3,3,2,4,4,4,1,2,3,3,4,4,4,3,3,2,7,1
NA,NA,NA,NA,NA,NA,NA,NA,NA,NA,NA,NA,NA,NA,NA,NA,NA,NA,NA,NA,NA,NA
3,4,3,3,4,3,4,4,4,3,2,4,4,3,3,4,4,3,3,2,7,1
3,4,3,2,3,3,3,3,3,2,2,3,3,3,3,2,2,3,3,2,7,1
3,3,3,2,4,4,3,3,3,4,2,3,3,4,4,2,4,4,4,1,3,1
3,2,4,1,2,3,2,3,3,3,3,2,2,2,2,2,3,2,2,1,7,1
3,3,2,2,3,3,NA,1,3,3,1,2,4,1,2,NA,2,3,3,1,3,1
2,3,3,2,3,3,3,4,4,3,3,3,2,3,3,2,3,3,3,2,7,1
3,1,2,2,2,2,1,3,3,4,3,2,4,3,2,1,1,3,2,1,7,1
3,3,3,2,3,3,2,3,2,3,2,2,3,2,3,1,1,3,2,1,7,1
1,1,3,4,1,1,1,2,2,2,2,1,2,4,3,1,1,1,4,2,3,1
3,3,3,1,3,3,1,4,4,4,1,1,2,4,4,1,1,4,4,1,3,0
2,2,NA,2,3,2,2,4,3,3,3,2,3,3,3,1,2,4,2,1,7,1
3,3,3,1,3,3,2,3,3,2,1,3,4,3,3,3,3,3,3,2,7,1
3,3,3,3,3,3,3,4,4,4,3,2,2,3,3,3,2,3,3,1,7,1
3,3,3,2,3,2,2,3,3,3,3,3,2,2,3,3,3,3,3,2,5,1
3,2,4,2,3,3,4,4,3,3,2,3,2,3,3,2,3,3,2,1,3,1
3,3,4,3,3,3,4,3,3,4,3,2,3,4,3,3,4,2,3,2,3,1
3,3,2,2,2,3,2,4,3,4,1,2,4,2,2,2,1,3,2,2,7,1
3,4,4,2,4,4,4,4,3,4,4,2,4,4,4,2,4,4,2,1,3,1
2,2,3,2,2,2,3,2,1,3,2,2,3,2,2,1,2,3,3,1,6,1
NA,NA,NA,NA,NA,NA,NA,NA,NA,NA,NA,NA,NA,NA,NA,NA,NA,NA,NA,NA,NA,NA
3,3,3,2,3,2,3,4,4,4,1,3,3,3,3,2,2,3,3,2,3,1
3,4,4,2,3,3,4,3,3,4,2,2,2,3,2,3,2,2,3,1,7,1
3,4,3,2,3,3,3,4,3,4,2,2,3,3,3,3,3,3,3,2,2,0
3,3,3,2,3,3,2,4,3,4,3,4,4,4,3,3,3,3,3,2,7,1
NA,NA,NA,NA,NA,NA,NA,NA,NA,NA,NA,NA,NA,NA,NA,NA,NA,NA,NA,2,NA,NA
3,3,3,3,3,2,2,3,3,3,3,3,3,2,2,2,2,3,2,2,3,1
2,3,3,2,2,2,2,3,2,3,2,2,2,2,3,2,2,2,2,2,7,1
3,4,4,2,3,2,3,3,4,3,2,4,2,3,2,2,2,3,3,2,7,1
2,3,3,2,2,2,2,2,1,3,1,2,2,3,3,2,1,2,3,2,7,1
2,4,3,2,3,3,2,3,2,4,3,3,4,3,3,3,3,3,2,2,7,1
3,4,4,2,3,3,2,3,2,3,2,2,2,1,3,2,NA,3,2,1,7,1
3,2,3,1,1,3,2,2,1,4,1,1,4,3,3,3,2,3,3,2,7,1
1,4,1,1,4,4,4,4,4,1,1,1,1,1,4,1,4,4,4,1,3,0
3,3,3,2,1,3,2,3,3,3,2,2,2,3,3,3,3,3,3,1,3,1
NA,3,3,2,3,3,3,NA,NA,4,NA,2,3,3,3,2,3,3,2,2,5,1
3,3,3,2,3,3,2,3,4,3,2,2,3,3,3,2,3,2,3,2,7,1
3,3,4,2,3,3,2,4,4,4,3,2,4,4,2,1,1,3,3,1,7,1
3,4,3,2,4,4,3,4,3,3,2,3,3,3,3,3,4,3,3,1,7,1
3,3,3,3,3,3,3,2,2,2,2,3,3,3,3,3,3,3,3,2,7,1
3,2,2,1,2,2,2,4,4,4,1,1,2,1,2,3,1,4,3,2,3,1
3,3,4,2,3,3,3,4,4,3,1,1,4,4,3,2,3,2,2,1,7,1
2,3,2,1,3,3,2,3,3,3,3,2,4,3,3,2,2,2,3,2,7,1
3,3,3,2,3,3,3,3,4,4,3,3,3,3,3,3,3,3,3,1,7,1
2,4,3,2,3,3,2,4,NA,NA,NA,NA,NA,NA,4,3,3,2,2,2,7,1
1,2,3,2,2,2,2,3,4,2,3,3,4,2,2,1,2,2,3,1,3,1
NA,NA,NA,NA,NA,NA,NA,NA,NA,NA,NA,NA,NA,NA,NA,NA,NA,NA,NA,2,7,1
3,4,3,2,3,4,3,3,3,2,3,2,4,3,4,2,1,2,3,2,7,1
NA,NA,NA,NA,NA,NA,NA,NA,NA,NA,NA,NA,NA,NA,NA,NA,NA,NA,NA,1,7,1
3,2,3,3,2,2,2,3,2,3,3,2,3,3,2,2,3,3,2,2,7,1
3,1,3,4,3,3,2,2,3,3,3,3,3,3,3,3,2,3,2,2,5,1
4,3,3,2,4,4,3,4,3,4,3,3,3,4,3,2,3,3,2,1,7,1
3,4,4,2,3,3,3,3,3,4,3,3,3,4,3,3,3,3,3,2,1,1
3,3,3,2,2,2,2,3,3,3,3,2,3,3,3,2,3,2,1,2,5,1
3,3,4,2,3,2,2,3,3,3,3,3,3,3,3,3,3,3,2,2,2,0
3,4,4,2,3,3,3,3,3,4,1,2,3,3,3,3,2,3,2,1,7,1
3,3,4,2,3,3,2,4,4,4,1,2,3,3,3,3,3,3,3,2,7,1
3,3,3,1,1,2,3,3,4,4,4,1,1,3,3,2,2,3,4,1,4,0
2,3,3,1,3,3,3,2,2,3,1,1,2,2,3,3,3,3,3,2,4,0
NA,NA,NA,NA,NA,NA,NA,NA,NA,NA,NA,NA,NA,NA,NA,NA,NA,NA,NA,2,4,1
3,3,3,2,3,3,3,2,2,2,2,3,2,2,4,2,2,3,3,1,5,1
3,3,3,2,2,3,2,3,3,4,3,3,4,4,4,4,4,3,4,2,5,0
3,2,3,2,3,3,3,3,3,3,3,3,3,3,3,2,3,3,3,1,7,1
3,2,3,2,2,3,2,4,3,3,3,3,4,2,4,4,3,3,4,2,7,1
3,3,4,2,3,3,3,4,3,4,3,3,3,4,2,3,4,3,3,2,2,0
3,2,4,2,3,2,2,4,3,4,3,3,4,3,3,3,1,2,2,2,7,1
NA,NA,NA,NA,NA,NA,NA,NA,NA,NA,NA,NA,NA,NA,NA,NA,NA,NA,NA,2,7,1
3,3,3,1,3,3,2,4,3,4,3,2,3,3,3,3,2,2,3,2,7,1
3,2,3,2,3,3,4,3,3,3,3,2,3,3,3,3,2,2,3,2,7,1
3,2,3,2,4,4,3,3,3,3,4,3,3,2,3,2,3,4,4,1,1,0
3,3,3,2,3,3,2,2,2,4,2,2,2,3,2,1,1,1,1,1,7,1
3,3,3,1,4,3,3,3,3,3,2,4,3,3,3,3,3,2,3,1,7,1
3,3,3,2,4,4,4,4,2,4,2,2,4,4,3,3,2,3,2,1,7,1
3,3,3,1,3,3,3,3,3,3,1,2,3,3,3,3,2,2,3,2,7,1
2,3,4,2,2,1,2,3,4,3,3,3,3,3,3,2,3,3,3,2,4,0
3,2,3,2,3,3,3,3,2,4,4,2,4,4,2,2,2,2,2,1,5,1
3,3,3,2,2,2,2,3,4,3,2,2,3,4,3,2,3,2,2,1,7,1
3,3,3,2,3,3,3,4,3,3,2,3,4,4,3,3,2,3,3,2,2,0
3,3,2,2,2,2,2,3,3,4,2,2,3,4,3,3,2,2,2,2,7,1
3,3,4,2,3,3,3,3,3,3,2,3,2,2,3,3,3,2,3,2,5,0
3,2,2,2,2,2,2,3,3,2,2,2,3,3,3,2,2,2,3,2,6,1
3,3,3,2,3,3,3,3,3,3,2,2,3,3,3,3,3,3,3,1,2,0
3,3,4,2,3,3,2,3,3,4,3,3,4,3,3,3,1,3,3,2,7,1
3,2,4,2,3,3,3,4,4,4,3,3,4,4,3,3,3,3,2,2,6,1
3,4,4,2,3,3,3,4,3,4,3,2,4,3,3,3,2,2,2,1,7,1
NA,NA,NA,NA,NA,NA,NA,NA,NA,NA,NA,NA,NA,NA,NA,NA,NA,NA,NA,NA,NA,NA
3,4,4,3,3,3,4,2,2,3,2,2,3,3,3,3,3,3,3,1,5,0
3,4,4,2,3,3,3,4,4,3,3,4,2,4,4,4,4,4,3,1,7,1
3,4,4,1,3,3,4,4,4,4,2,2,3,4,3,4,4,3,3,2,2,1
2,3,4,2,3,3,4,4,4,3,3,3,3,4,3,3,3,3,3,2,3,1
3,2,3,2,3,4,3,4,3,3,2,3,3,4,3,2,3,3,3,2,6,1
2,3,3,4,3,3,3,3,3,2,1,3,3,2,NA,NA,3,3,NA,2,2,0
2,1,3,2,3,3,4,4,3,2,4,2,2,4,2,1,2,1,2,1,6,1
2,2,3,2,2,3,1,3,3,3,3,1,2,3,2,2,2,2,2,1,7,1
3,4,4,3,4,4,3,4,4,4,2,3,3,3,3,3,3,3,3,1,2,0
4,4,4,3,4,4,4,4,4,4,3,4,4,4,3,NA,4,4,3,1,6,1
3,2,2,3,2,3,3,3,4,4,3,3,4,4,3,2,2,3,3,1,7,1
4,4,4,1,4,4,4,1,1,1,1,1,1,1,4,4,4,4,4,1,5,1
3,3,3,2,3,3,3,3,3,3,2,3,3,3,3,3,3,3,3,2,2,1
3,4,3,1,3,3,3,4,3,3,1,2,3,3,3,4,4,3,2,2,7,1
3,3,3,3,3,3,2,3,3,3,2,2,3,3,3,2,3,2,2,2,6,1
3,3,2,3,3,3,3,3,3,3,3,3,4,4,3,3,3,2,3,2,7,1
3,2,2,2,3,3,2,4,2,4,3,2,4,3,2,3,4,2,2,2,7,1
2,3,3,1,3,3,3,3,3,3,2,3,3,2,3,2,4,3,3,2,4,0
NA,NA,NA,NA,NA,NA,NA,NA,NA,NA,NA,NA,NA,NA,NA,NA,NA,NA,NA,NA,NA,NA
NA,NA,NA,NA,NA,NA,NA,NA,NA,NA,NA,NA,NA,NA,NA,NA,NA,NA,NA,2,3,1
NA,NA,NA,NA,NA,NA,NA,NA,NA,NA,NA,NA,NA,NA,NA,NA,NA,NA,NA,NA,NA,NA
3,3,3,2,3,4,3,3,3,3,2,2,2,2,3,3,3,3,4,2,5,0
3,3,4,3,4,3,3,4,4,4,4,3,1,4,2,3,NA,2,1,2,2,0
NA,NA,NA,NA,NA,NA,NA,NA,NA,NA,NA,NA,NA,NA,NA,NA,NA,NA,NA,NA,NA,NA
3,2,3,3,3,3,3,4,4,3,3,3,2,3,2,2,3,3,3,1,5,1
3,2,2,2,2,2,1,3,3,3,2,1,2,3,1,3,4,1,2,1,4,0
3,3,4,2,4,2,2,3,3,2,3,3,2,1,4,3,4,2,3,2,4,0
NA,NA,NA,NA,NA,NA,NA,NA,NA,NA,NA,NA,NA,NA,NA,NA,NA,NA,NA,1,3,1
NA,NA,NA,NA,NA,NA,NA,NA,NA,NA,NA,NA,NA,NA,NA,NA,NA,NA,NA,NA,NA,NA
3,3,3,3,3,3,3,4,4,4,3,2,2,3,3,NA,3,2,2,2,5,1
3,3,4,4,4,4,3,3,3,4,4,3,4,4,4,4,4,4,4,1,2,0
NA,NA,NA,NA,NA,NA,NA,NA,NA,NA,NA,NA,NA,NA,NA,NA,NA,NA,NA,2,NA,NA
3,2,3,2,3,2,2,3,3,3,3,3,1,1,2,2,2,2,3,1,3,1
3,3,4,2,3,3,3,3,3,3,2,1,2,3,3,3,3,3,1,2,3,1
2,2,1,2,3,2,2,4,3,3,3,2,4,2,2,1,1,3,2,2,4,0
3,2,4,1,3,3,2,3,3,4,3,3,2,3,3,3,3,2,3,2,2,0
2,2,4,2,3,3,4,3,3,3,3,2,2,2,4,2,4,4,4,2,4,0
3,3,4,2,4,4,4,NA,NA,2,2,3,2,2,3,NA,NA,NA,3,2,2,0
3,1,4,1,2,2,3,2,4,3,4,2,1,1,2,1,1,2,1,1,4,0
2,2,4,1,2,3,2,3,3,3,1,1,1,3,3,3,1,2,2,2,2,0
3,3,2,3,3,NA,3,3,3,3,3,2,3,3,3,3,4,3,2,2,5,0
3,2,3,1,2,2,2,2,2,3,2,2,2,2,3,1,3,4,2,1,6,1
4,3,3,3,3,3,3,3,3,3,2,3,3,2,3,3,4,2,4,1,2,0
2,3,3,2,3,3,3,3,3,3,2,3,2,3,3,3,3,3,3,1,2,0
3,2,3,2,2,2,2,2,3,4,2,3,4,4,3,2,3,2,3,2,2,0
3,3,3,2,3,2,2,3,3,3,3,2,2,3,3,2,3,3,3,2,6,1
3,3,3,2,3,2,3,4,4,4,3,3,3,3,3,2,3,2,3,2,5,1
3,4,4,2,4,3,4,4,4,4,3,4,3,4,3,4,4,4,4,1,1,1
3,2,3,2,3,3,2,2,3,3,3,3,4,3,3,3,3,3,2,1,2,0
2,3,4,1,2,2,2,2,2,2,2,3,3,3,3,3,3,2,3,2,2,0
4,3,1,3,3,3,3,4,4,4,3,3,3,3,4,3,3,3,3,2,2,0
3,4,3,2,3,2,3,3,3,3,3,3,3,2,2,2,3,2,3,2,7,1
3,3,3,3,4,3,4,4,3,4,3,2,3,3,3,3,4,3,3,2,3,1
2,3,4,2,4,4,3,4,3,4,2,2,3,3,3,3,3,3,3,1,7,1
3,3,3,3,3,3,3,4,4,4,4,NA,3,3,3,3,3,3,3,1,3,1
NA,NA,NA,NA,NA,NA,NA,NA,NA,NA,NA,NA,NA,NA,NA,NA,NA,NA,NA,1,7,1
2,3,2,1,3,2,2,3,2,4,3,3,4,1,3,1,1,2,3,2,5,1
3,2,3,1,3,1,2,2,2,3,2,2,2,2,3,2,3,3,2,1,5,1
3,1,4,2,3,2,2,3,4,3,2,2,2,3,2,1,3,3,3,2,5,1
3,3,3,1,3,3,3,3,4,4,2,1,3,4,3,3,4,2,3,1,2,0
3,3,3,3,3,4,3,3,3,3,3,2,3,3,3,3,3,2,3,2,2,0
3,4,3,2,4,3,3,3,3,2,2,3,2,3,4,4,4,4,4,2,5,0
3,2,3,2,2,2,2,3,3,3,3,3,NA,3,3,2,3,3,2,1,2,1
3,NA,3,NA,3,3,3,4,NA,NA,4,NA,NA,3,NA,3,3,3,3,2,5,0
3,3,3,1,3,3,3,3,2,3,2,1,2,1,2,2,3,2,3,2,3,1
3,3,4,2,3,4,NA,3,3,3,2,3,3,3,3,3,3,3,3,2,4,1
1,1,3,2,2,2,2,3,4,4,1,3,4,2,3,4,3,3,4,2,6,1
3,2,3,3,3,3,3,3,3,3,3,3,3,3,2,3,2,2,2,1,7,1
3,2,3,2,3,3,4,2,3,3,2,3,2,2,3,2,4,3,4,1,2,0
3,3,3,3,3,3,3,3,3,4,3,3,4,3,4,4,3,3,3,2,5,1
3,3,4,2,3,3,2,3,3,2,2,3,3,3,3,3,2,3,3,2,3,1
3,2,4,2,3,3,2,4,4,4,4,3,4,2,4,3,3,2,3,2,7,1
3,3,3,2,2,2,2,3,2,2,2,2,3,3,2,3,2,3,2,1,3,1
2,3,3,2,3,3,3,3,3,3,2,2,2,2,2,3,4,2,2,1,4,1
NA,NA,NA,NA,NA,NA,NA,NA,NA,NA,NA,NA,NA,NA,NA,NA,NA,NA,NA,NA,NA,NA
3,2,3,1,4,3,3,3,3,3,2,3,3,1,3,3,3,3,2,2,2,1
3,3,3,2,3,3,3,3,3,3,2,3,2,2,3,3,2,3,2,1,5,1
2,1,3,2,1,1,1,3,2,1,1,1,1,1,4,1,2,1,2,1,5,1
3,3,4,3,3,3,4,4,4,4,4,4,4,4,2,3,3,3,2,1,2,0
3,2,3,3,3,3,3,3,3,3,3,3,2,2,3,3,3,3,3,2,2,1
4,3,3,3,4,3,4,3,3,3,3,3,3,3,3,4,2,2,2,2,2,0
4,3,4,2,3,2,3,3,3,3,2,2,3,3,2,3,2,3,2,2,2,0
1,1,3,2,3,NA,2,1,3,3,3,2,2,2,3,2,2,NA,3,2,2,0
3,3,3,3,3,4,3,3,3,2,3,3,1,3,3,3,3,4,3,1,6,1
3,3,3,3,3,3,3,4,3,4,3,2,3,4,4,3,4,3,3,1,2,1
3,3,3,2,3,3,4,3,2,3,1,2,2,2,2,3,3,3,3,2,6,1
NA,NA,NA,NA,NA,NA,NA,NA,NA,NA,NA,NA,NA,NA,NA,NA,NA,NA,NA,NA,NA,NA
3,3,4,1,3,3,3,3,3,3,2,2,3,3,3,2,3,2,3,1,6,1
4,3,4,3,3,3,3,4,3,4,2,3,2,4,4,3,4,3,3,2,4,0
2,2,3,1,3,3,4,3,1,4,2,2,4,4,2,3,4,2,4,1,7,1
3,3,3,2,3,2,2,3,3,4,1,2,2,2,4,1,2,3,4,1,5,0
3,2,3,2,3,2,3,3,3,3,2,2,2,3,3,2,2,3,3,1,2,0
3,2,4,2,3,3,2,4,4,4,2,2,4,3,3,2,2,2,3,1,7,1
3,3,4,2,3,2,3,3,3,3,2,3,3,2,3,3,3,3,3,2,7,1
2,3,3,2,3,2,2,4,4,4,3,2,2,2,3,2,3,2,3,2,5,1
NA,NA,NA,NA,NA,NA,NA,NA,NA,NA,NA,NA,NA,NA,NA,NA,NA,NA,NA,1,4,0
2,3,3,2,2,3,2,4,4,4,4,3,4,3,3,2,3,3,3,2,7,1
3,3,4,1,3,3,2,4,3,4,2,2,3,4,2,3,1,2,2,1,6,1
3,2,4,1,2,2,1,3,4,3,1,1,3,2,3,2,3,3,3,2,7,1
2,2,4,2,3,3,2,3,3,3,2,2,3,3,3,2,3,3,3,1,3,1
3,3,3,2,3,3,3,3,3,3,2,3,3,4,3,2,3,3,3,2,3,1
NA,NA,NA,NA,NA,NA,NA,NA,NA,NA,NA,NA,NA,NA,NA,NA,NA,NA,NA,NA,NA,NA
4,3,4,3,NA,4,4,3,4,3,2,4,4,1,3,4,4,3,3,1,3,1
3,3,3,2,3,3,4,3,3,4,2,2,4,3,3,3,3,3,3,1,4,0
3,4,4,2,3,4,4,4,4,4,4,4,4,4,3,2,4,3,3,2,7,1
1,3,3,1,1,2,1,2,4,3,2,1,1,1,2,1,3,3,3,2,7,1
3,3,3,3,3,3,3,4,4,4,3,3,3,2,3,3,2,3,2,1,3,1
3,2,3,1,NA,2,3,2,3,3,1,1,NA,3,3,3,2,1,2,2,7,1
4,4,4,3,4,4,4,3,3,3,2,3,3,4,4,2,3,3,2,2,2,0
2,2,3,2,3,3,2,3,3,2,3,2,3,3,3,2,3,3,3,1,7,1
3,2,4,2,3,3,2,3,3,3,3,3,3,3,NA,NA,NA,NA,NA,1,7,1
3,3,1,3,2,2,3,3,3,3,3,3,4,2,3,2,1,3,3,1,7,1
3,4,4,2,4,3,3,3,3,4,3,4,4,2,4,3,3,4,4,2,7,1
2,4,4,2,3,3,3,3,2,2,3,2,3,1,3,3,4,3,4,2,3,0
3,3,3,1,3,4,3,3,3,3,3,2,2,1,3,2,3,2,3,1,7,1
3,4,NA,3,4,4,4,4,4,3,4,3,3,3,4,3,4,3,3,1,5,1
3,3,3,2,2,2,3,2,3,3,3,3,3,3,3,2,2,3,2,1,7,1
3,3,2,3,2,3,3,3,3,3,3,3,3,3,3,3,3,3,3,2,5,0
2,3,3,2,3,3,3,3,4,2,3,3,3,3,3,2,3,3,3,2,5,1
NA,NA,NA,NA,NA,NA,NA,NA,NA,NA,NA,NA,NA,NA,NA,NA,NA,NA,NA,NA,NA,NA
3,3,4,2,3,3,4,4,3,3,2,3,3,3,4,3,3,3,4,1,7,1
3,3,4,2,3,3,3,4,3,4,4,3,3,3,3,3,4,3,3,1,7,1
3,3,4,1,3,3,3,3,3,4,3,2,3,3,3,3,3,3,3,2,5,1
3,2,3,2,3,3,3,3,2,3,2,2,3,2,3,2,2,3,3,1,7,1
3,2,3,NA,2,3,3,3,3,3,3,3,3,3,3,2,3,3,3,2,4,0
3,4,4,2,2,3,1,2,2,2,1,1,2,3,2,1,1,NA,2,2,3,1
3,2,1,1,3,3,1,1,4,3,2,3,2,2,1,2,1,3,2,1,5,0
4,1,3,1,3,3,2,3,3,4,3,4,4,4,3,1,1,3,3,2,3,1
1,1,3,1,1,1,1,1,4,2,1,1,1,1,2,1,1,1,1,1,4,1
3,3,3,1,2,2,2,3,3,3,2,2,1,3,2,1,3,2,3,1,3,1
2,1,3,NA,NA,NA,NA,NA,NA,NA,3,NA,3,NA,4,3,NA,2,2,2,5,0
2,3,3,2,3,3,3,3,3,3,2,2,1,2,3,2,3,3,3,1,3,1
3,3,3,3,3,3,4,4,4,3,3,1,3,4,3,1,1,3,1,1,4,1
2,3,3,2,3,2,2,3,3,3,2,2,2,3,2,2,3,2,3,1,2,0
3,2,3,2,3,3,3,2,3,3,2,3,2,2,3,3,4,4,2,1,2,0
3,3,4,2,3,3,3,3,2,3,1,1,1,3,4,2,3,3,3,2,4,0
1,1,2,2,1,1,1,1,4,1,3,1,1,3,1,1,1,1,1,1,7,1
3,4,4,2,4,4,4,4,4,4,2,2,4,4,2,3,2,2,2,2,7,1
3,3,3,3,3,3,3,3,3,3,3,3,3,3,3,3,4,3,3,2,7,1
3,3,3,1,3,2,2,3,3,2,3,3,3,3,3,2,3,3,3,2,7,1
3,3,3,2,3,3,3,3,3,4,3,3,2,3,3,3,3,3,3,1,7,1
4,3,4,1,3,3,2,3,3,4,1,1,4,3,4,3,3,4,2,2,7,1
NA,NA,NA,NA,NA,NA,NA,NA,NA,NA,NA,NA,NA,NA,NA,NA,NA,NA,NA,2,NA,NA
3,3,3,3,3,3,3,4,4,3,3,2,3,3,3,3,2,3,3,2,5,1
1,2,3,2,2,1,1,3,4,3,3,4,2,2,3,1,1,3,3,2,7,1
2,2,3,2,2,2,3,3,3,3,4,2,4,3,2,2,3,3,2,2,2,1
3,4,4,3,3,4,4,4,4,4,4,2,4,3,4,3,3,2,2,1,7,1
3,3,3,2,3,2,3,3,3,4,3,2,3,3,2,2,3,2,2,2,7,1
3,3,2,2,3,3,3,3,3,3,3,2,2,3,3,3,3,3,3,1,7,1
2,1,3,2,2,1,1,3,3,4,3,3,4,4,3,2,4,3,4,1,7,1
1,2,2,2,2,2,3,3,1,3,3,2,4,3,3,1,1,3,3,2,7,1
2,3,3,2,3,2,2,3,2,3,3,2,4,4,3,2,2,2,3,2,7,1
3,1,4,4,3,3,2,3,2,3,2,1,1,3,4,2,3,3,4,1,2,0
3,3,4,1,3,4,4,3,3,3,1,2,2,2,3,1,3,4,3,1,6,1
NA,NA,NA,NA,NA,NA,NA,NA,NA,NA,NA,NA,NA,NA,NA,NA,NA,NA,NA,NA,NA,NA
3,3,3,3,3,4,4,4,4,4,3,3,2,3,3,3,3,2,3,1,3,1
3,2,3,2,3,3,1,3,3,3,3,1,1,3,2,1,2,2,2,1,2,0
2,3,2,1,3,3,2,3,3,3,2,2,3,3,3,3,3,3,3,2,2,1
NA,NA,NA,NA,NA,NA,NA,NA,NA,NA,NA,NA,NA,NA,NA,NA,NA,NA,NA,NA,NA,NA
3,3,4,2,4,3,4,4,4,4,4,3,NA,1,3,3,4,2,3,2,2,0
2,2,3,1,4,3,4,3,4,3,2,3,3,3,3,3,3,3,3,1,4,0
3,3,3,3,3,3,3,3,4,3,4,3,4,4,3,3,2,3,3,1,5,0
NA,NA,NA,NA,NA,NA,NA,NA,NA,NA,NA,NA,NA,NA,NA,NA,NA,NA,NA,NA,NA,NA
NA,NA,NA,NA,NA,NA,NA,NA,NA,NA,NA,NA,NA,NA,NA,NA,NA,NA,NA,NA,NA,NA
2,2,3,1,2,2,2,2,2,3,1,1,1,2,1,2,1,1,2,2,5,0
2,2,3,2,2,3,2,3,3,3,2,2,3,4,3,2,3,2,3,2,5,1
3,3,4,2,3,2,2,4,4,3,2,1,3,4,3,3,3,3,3,1,2,1
3,3,3,NA,3,3,2,4,4,4,3,3,4,3,3,2,3,3,3,1,3,1
2,3,4,2,3,3,3,3,3,4,2,2,1,3,2,3,3,3,2,1,3,1
3,3,4,2,4,2,3,3,3,3,1,4,3,3,3,2,3,3,2,2,3,0
4,2,3,2,4,4,4,3,NA,1,1,1,3,1,4,2,4,4,4,1,3,1
3,3,3,2,3,2,3,2,3,3,2,2,1,3,3,3,3,2,3,1,3,1
2,2,3,2,2,3,3,3,3,3,3,1,3,3,3,2,2,3,2,2,7,1
3,3,4,2,3,3,3,2,3,3,3,3,2,3,3,2,3,2,3,2,7,1
NA,NA,NA,NA,NA,NA,NA,NA,NA,NA,NA,NA,NA,NA,NA,NA,NA,NA,NA,1,7,0
3,2,3,3,3,2,2,3,2,4,3,2,3,3,4,3,2,3,3,2,7,1
3,3,3,2,2,3,3,4,4,3,3,3,2,2,3,2,3,3,3,1,2,1
2,3,3,3,3,2,2,4,3,3,2,3,3,3,3,3,3,3,3,1,2,0
3,2,3,2,3,3,3,3,3,3,3,2,3,3,3,3,3,3,3,2,7,1
4,3,4,3,4,3,3,3,3,3,2,1,3,4,3,2,3,3,3,1,7,1
3,4,4,2,3,3,3,3,3,3,3,3,3,3,3,3,4,4,2,2,7,1
3,3,3,2,3,3,3,3,3,4,3,3,3,3,3,3,3,3,3,2,7,1
NA,NA,NA,NA,NA,NA,NA,NA,NA,NA,NA,NA,NA,NA,NA,NA,NA,NA,NA,NA,NA,NA
3,3,3,2,3,3,3,NA,2,NA,2,2,2,2,3,3,2,3,3,1,7,1
3,3,2,2,3,2,1,2,2,1,1,1,2,3,1,2,1,1,1,2,7,1
3,3,4,2,2,3,3,3,4,4,2,3,4,3,2,2,1,2,3,1,5,1
2,3,3,3,2,1,NA,3,3,3,3,2,2,3,4,1,1,3,3,2,6,1
1,3,3,2,3,4,3,4,4,3,3,3,2,3,3,3,3,3,4,2,7,1
1,3,4,1,1,1,3,4,4,4,4,1,4,3,4,2,4,1,3,1,7,1
3,4,4,3,4,4,4,4,4,4,4,4,4,4,4,4,4,4,4,2,7,1
3,2,3,2,3,3,3,4,3,4,2,2,3,3,3,3,2,3,3,2,7,1
3,3,3,2,3,3,3,3,3,3,2,3,4,4,4,3,3,3,3,1,7,1
3,2,3,4,3,4,4,3,2,3,1,1,3,4,4,2,2,3,3,2,7,1
3,4,3,2,3,3,3,3,3,3,3,2,3,4,3,3,2,2,3,1,7,1
3,1,3,1,3,2,1,2,3,4,2,2,2,3,2,3,3,2,2,1,7,1
NA,NA,NA,NA,NA,NA,NA,NA,NA,NA,NA,NA,NA,NA,NA,NA,NA,NA,NA,NA,NA,NA
3,2,4,2,2,3,4,4,4,4,3,3,1,4,2,1,3,2,2,1,3,1
NA,NA,NA,NA,NA,NA,NA,NA,NA,NA,NA,NA,NA,NA,NA,NA,NA,NA,NA,1,NA,NA
2,3,3,2,3,2,3,4,4,3,2,1,2,3,3,3,1,2,3,2,3,1
3,3,3,2,3,3,3,4,4,4,4,3,3,4,3,3,4,3,4,1,7,1
NA,NA,NA,NA,NA,NA,NA,NA,NA,NA,NA,NA,NA,NA,NA,NA,NA,NA,NA,1,NA,NA
3,3,3,3,3,3,4,4,4,3,2,3,3,3,3,3,3,3,3,2,7,1
3,3,3,2,3,2,3,3,3,3,1,3,3,3,3,3,2,3,4,2,7,1
3,3,4,4,2,3,2,4,4,2,4,2,1,3,3,1,4,3,4,2,7,1
3,3,4,2,3,3,2,3,3,3,4,3,3,3,4,4,4,2,3,2,1,1
2,2,3,2,3,2,3,3,2,3,3,3,2,3,2,3,3,2,2,2,7,0
NA,NA,NA,NA,NA,NA,NA,NA,NA,NA,NA,NA,NA,NA,NA,NA,NA,NA,NA,1,7,1
3,NA,4,1,3,3,4,4,4,4,3,2,1,3,3,3,4,3,4,1,7,1
3,3,4,1,3,3,3,3,3,1,3,2,3,3,2,2,2,2,2,1,7,1
2,3,3,1,3,2,3,3,2,3,2,2,2,1,3,3,3,2,3,2,7,1
2,3,4,1,3,3,4,4,2,3,2,2,3,3,3,2,4,2,3,1,7,1
3,2,3,2,3,3,3,3,2,3,1,2,2,2,3,3,3,3,3,2,4,0
3,3,4,1,3,3,3,3,2,3,3,2,2,2,3,3,3,2,3,2,7,1
2,2,4,2,4,3,3,4,1,4,1,1,2,1,4,4,4,4,4,2,7,1
3,3,4,1,3,3,4,3,3,3,3,3,3,3,3,2,2,3,3,2,7,1
2,4,2,2,2,3,3,3,4,4,4,1,1,1,1,1,1,1,1,1,7,1
3,4,4,1,4,2,4,4,1,4,2,4,2,1,4,2,4,4,4,2,3,1
3,1,3,2,3,2,2,3,3,3,1,1,2,3,3,2,2,3,1,2,7,1
3,2,4,2,3,3,2,3,3,4,3,3,3,3,2,2,3,3,3,1,7,1
3,2,3,1,3,1,3,3,1,2,2,2,3,2,3,1,4,4,4,2,7,1
NA,NA,NA,NA,NA,NA,NA,NA,NA,NA,NA,NA,NA,NA,NA,NA,NA,NA,NA,2,NA,NA
2,3,3,2,4,4,4,3,3,3,1,3,3,3,4,4,2,3,3,2,3,1
3,3,4,2,3,NA,3,3,3,3,2,3,3,3,3,4,4,3,3,1,4,1
3,4,3,2,3,3,4,4,4,3,3,3,1,3,3,3,3,4,3,1,7,1
4,4,3,3,4,4,4,4,4,4,4,4,4,4,4,4,4,4,4,1,3,0
3,3,2,2,3,3,3,3,3,NA,3,2,1,4,4,2,4,3,3,1,3,1
3,4,4,3,4,4,4,4,3,4,3,2,3,3,3,4,4,3,4,2,4,0
3,3,3,3,3,2,3,3,3,3,3,3,2,3,3,2,2,3,2,1,5,0
3,3,3,3,3,3,3,3,2,3,2,3,2,3,3,2,3,3,4,1,2,0
3,3,4,1,3,3,3,3,3,4,2,2,3,3,2,2,3,2,2,2,7,1
NA,3,3,2,3,3,3,3,3,3,3,2,2,3,3,1,2,3,3,1,3,1
3,3,2,2,3,2,1,4,4,4,3,3,4,4,3,3,2,2,4,1,3,1
2,3,4,2,3,3,4,4,4,3,3,4,1,2,3,3,3,2,2,1,7,1
3,3,4,2,3,3,2,3,3,4,2,2,3,3,3,2,3,3,3,1,5,0
3,3,2,3,4,4,4,3,2,2,2,2,3,2,4,3,3,2,3,2,2,0
3,2,3,2,3,3,3,3,2,1,1,1,1,2,3,3,1,2,3,1,7,1
3,2,3,2,3,3,2,3,3,3,2,2,3,3,3,3,3,2,3,2,4,1
NA,NA,NA,NA,NA,NA,NA,NA,NA,NA,NA,NA,NA,NA,NA,NA,NA,NA,NA,1,3,1
2,3,4,2,3,2,1,4,4,4,4,4,4,4,4,3,2,3,1,2,7,1
2,4,3,3,3,3,3,4,4,3,3,2,2,4,3,2,4,2,3,2,2,0
1,2,2,1,1,1,2,1,3,1,1,1,3,1,3,1,1,1,3,1,7,1
2,4,4,4,2,3,1,3,3,3,1,3,1,3,3,2,3,3,3,2,3,1
3,3,3,1,3,3,2,4,4,3,1,1,3,3,2,3,3,3,2,1,7,1
3,3,3,3,3,2,3,3,3,4,3,3,3,4,3,NA,2,2,3,1,3,1
3,4,4,2,3,3,4,4,4,3,3,2,3,3,3,3,3,3,3,1,2,1
2,2,3,2,3,2,4,3,4,3,2,1,3,2,3,3,3,2,2,2,5,1
3,3,4,1,4,4,2,3,3,4,4,4,2,2,4,3,2,4,4,1,3,1
3,4,4,2,3,3,4,4,4,4,4,3,3,3,3,2,4,3,3,2,7,1
3,3,3,2,3,3,2,3,4,3,2,2,3,2,3,2,3,3,3,1,2,0
4,4,3,2,3,4,2,3,3,4,3,2,3,2,3,2,3,2,3,1,7,1
3,3,2,1,3,3,2,3,2,2,3,2,2,1,3,2,2,2,3,2,7,1
2,2,4,1,3,3,3,3,3,4,2,2,3,2,4,3,2,4,3,2,4,1
3,2,2,2,3,4,4,4,3,3,NA,2,3,2,3,3,3,2,2,1,5,1
3,3,3,2,3,3,4,3,3,3,1,2,2,3,3,3,2,3,3,2,5,1
1,1,4,4,NA,3,4,3,4,3,1,1,1,3,3,4,4,3,4,1,5,0
2,2,4,2,3,3,3,4,3,3,4,3,4,4,3,2,4,2,3,1,5,1
3,4,2,2,3,3,3,3,3,2,3,2,3,2,3,2,3,2,3,2,7,1
3,3,NA,1,4,3,2,3,3,4,2,2,3,2,3,2,3,3,3,1,1,1
3,2,4,2,3,3,3,2,3,4,3,2,NA,2,3,1,3,3,2,2,7,1
3,3,4,1,4,3,2,3,4,3,2,3,3,4,2,3,2,3,3,2,3,1
2,3,3,2,4,3,4,3,3,4,2,2,3,2,3,2,2,3,3,2,7,1
3,3,2,2,2,3,2,2,3,3,3,2,3,3,3,3,2,2,2,2,7,1
3,2,2,2,3,3,2,4,3,3,2,NA,2,4,4,3,3,2,3,2,7,1
2,3,3,2,3,4,2,3,2,3,2,2,3,3,2,2,2,3,3,2,5,1
3,4,4,2,3,3,2,3,2,3,3,2,3,3,4,3,2,3,3,2,7,1
3,3,3,3,3,3,3,3,3,4,3,4,4,4,3,3,2,3,3,1,7,1
2,4,3,4,2,3,3,3,3,2,1,2,3,3,3,3,4,3,3,2,5,1
2,3,4,2,3,3,4,3,3,3,1,2,3,2,3,2,2,3,3,2,4,1
3,4,1,1,3,3,4,4,4,4,3,1,1,2,2,1,1,4,3,1,7,1
3,4,3,2,3,3,3,4,4,NA,1,3,4,4,4,3,4,3,3,1,7,1
NA,NA,NA,NA,NA,NA,NA,NA,NA,NA,NA,NA,NA,NA,NA,NA,NA,NA,NA,NA,NA,NA
2,2,4,2,3,3,2,3,3,3,3,2,3,3,2,2,2,3,3,2,7,1
1,4,3,1,1,4,2,1,2,1,3,4,3,4,4,1,2,4,4,1,5,0
4,3,4,3,3,3,3,4,4,4,4,4,4,3,4,3,4,3,4,2,5,0
4,2,3,2,4,3,2,3,2,4,2,2,4,4,2,2,3,4,2,2,1,1
3,3,3,2,3,3,3,3,3,3,3,3,3,3,3,3,3,3,3,1,7,1
NA,NA,NA,NA,NA,NA,NA,NA,NA,NA,NA,NA,NA,NA,NA,NA,NA,NA,NA,NA,NA,NA
3,2,3,2,3,3,3,3,3,4,3,2,3,3,3,2,2,2,3,2,7,1
3,3,4,3,3,2,3,4,3,4,3,3,4,4,4,3,3,3,2,1,7,1
3,3,4,2,3,3,3,3,4,4,3,3,3,3,4,3,3,3,3,2,7,1
3,3,3,3,3,3,3,3,3,3,3,3,3,4,3,2,3,3,3,2,7,1
3,2,3,2,3,3,3,3,3,3,3,3,3,3,3,2,2,2,2,2,7,1
NA,NA,NA,NA,NA,NA,NA,NA,NA,NA,NA,NA,NA,NA,NA,NA,NA,NA,NA,NA,NA,NA
3,3,4,2,3,3,3,4,3,3,2,3,4,3,3,3,3,3,3,1,7,1
3,4,3,3,3,3,3,3,3,3,3,2,3,3,3,3,3,3,3,1,7,1
3,2,3,2,3,3,3,2,3,3,3,2,4,2,3,2,3,3,3,1,4,1
3,3,3,1,4,2,3,3,3,4,3,2,4,3,2,3,1,3,3,1,5,1
3,3,4,1,3,3,2,3,4,4,1,3,4,4,3,2,2,3,2,2,7,1
3,2,3,1,2,3,3,3,2,3,1,3,4,4,3,3,1,3,2,1,5,1
3,3,3,4,4,3,3,3,4,4,4,4,4,4,4,3,4,3,2,2,7,1
3,3,4,3,3,3,2,4,4,4,4,3,3,4,4,3,3,3,4,1,7,1
NA,NA,NA,NA,NA,NA,NA,NA,NA,NA,NA,NA,NA,NA,NA,NA,NA,NA,NA,NA,NA,NA
3,4,3,2,4,4,3,3,3,4,2,2,4,4,3,3,3,2,2,1,7,1
3,3,3,3,4,3,3,3,3,4,3,NA,4,3,2,3,2,NA,NA,1,7,1
3,4,3,3,3,3,2,3,3,4,3,2,4,4,3,1,1,2,2,1,7,1
3,2,4,2,3,4,4,3,3,4,2,2,3,4,3,3,3,3,3,2,7,1
3,2,3,3,2,3,2,3,3,3,4,3,4,3,3,1,2,3,3,1,7,1
3,4,3,3,4,3,3,3,3,4,3,4,4,4,4,3,2,3,3,2,7,1
3,3,3,3,3,3,2,3,3,3,3,2,4,3,3,2,2,2,3,2,7,1
3,3,2,3,3,3,3,3,3,3,3,2,3,3,3,3,2,3,2,1,3,1
3,2,4,3,3,3,3,3,3,4,3,2,3,3,3,3,1,3,2,2,7,1
3,3,3,1,3,3,4,3,3,4,2,2,2,2,3,3,2,3,3,1,7,1
3,3,2,2,3,3,4,4,4,4,3,3,3,3,3,3,1,2,3,2,3,1
NA,NA,NA,NA,NA,NA,NA,NA,NA,NA,NA,NA,NA,NA,NA,NA,NA,NA,NA,2,3,1
4,4,3,3,4,4,3,4,4,4,4,3,4,4,3,3,3,3,2,1,7,1
3,4,3,3,3,3,3,3,3,4,2,3,4,3,3,3,3,2,2,1,7,1
3,4,3,3,3,4,3,4,3,4,3,3,4,2,3,3,4,3,3,1,7,1
3,3,3,3,3,3,2,3,3,3,3,3,3,3,3,3,3,3,3,1,7,1
3,4,3,3,3,3,2,2,2,3,3,4,4,3,4,3,3,4,4,1,7,1
4,3,4,2,3,3,3,4,4,4,3,3,3,4,3,2,2,2,3,2,2,1
3,4,3,3,4,4,3,4,4,4,4,1,4,4,3,4,3,3,3,1,3,1
NA,NA,NA,NA,NA,NA,NA,NA,NA,NA,NA,NA,NA,NA,NA,NA,NA,NA,NA,1,7,1
NA,NA,NA,NA,NA,NA,NA,NA,NA,NA,NA,NA,NA,NA,NA,NA,NA,NA,NA,2,7,1
NA,NA,NA,NA,NA,NA,NA,NA,NA,NA,NA,NA,NA,NA,NA,NA,NA,NA,NA,1,7,1
2,3,NA,2,3,3,3,3,3,2,2,2,3,4,3,2,2,3,2,2,3,1
3,4,4,1,3,2,4,2,2,4,4,2,4,2,4,3,3,4,4,2,7,1
3,3,3,1,3,3,3,3,3,3,2,2,4,3,2,3,3,2,3,2,7,0
3,2,3,3,3,3,3,4,3,4,3,2,3,3,3,2,3,2,3,1,7,1
3,2,3,2,3,3,3,3,3,4,2,2,3,4,4,2,2,3,3,2,7,1
3,4,3,2,3,3,3,3,3,4,3,2,4,3,4,3,4,3,3,2,7,1
3,3,4,3,3,4,3,4,3,4,3,3,3,4,3,3,2,3,3,2,7,1
3,3,NA,2,3,2,3,3,NA,3,3,2,NA,3,2,2,2,3,NA,1,7,1
3,4,4,2,4,4,4,4,4,4,3,3,4,4,4,3,4,4,4,1,7,1
4,4,4,2,4,4,3,4,4,4,4,4,4,4,4,3,4,3,4,1,2,1
3,4,4,2,3,3,3,4,3,4,3,3,4,4,4,3,4,3,3,1,7,1
3,3,3,2,3,3,2,3,3,3,4,2,3,2,3,3,2,2,2,1,7,1
2,3,3,1,3,2,3,3,3,4,3,2,3,4,4,4,3,2,3,1,7,1
3,4,4,2,3,4,2,3,3,3,4,1,4,3,3,1,1,4,1,1,7,1
2,3,4,2,4,3,3,4,4,4,4,3,4,4,3,3,2,3,3,1,3,1
3,2,4,2,3,2,1,2,3,3,2,2,3,4,2,2,1,3,1,1,7,1
3,3,2,1,3,3,2,3,2,3,2,1,3,3,3,3,2,3,3,2,7,1
3,2,3,2,3,3,3,3,3,3,1,2,3,3,3,3,1,3,2,2,5,1
4,3,3,2,4,4,3,4,3,4,3,3,4,4,3,1,2,2,2,1,7,1
2,2,3,2,2,3,2,3,1,3,4,2,4,3,3,2,1,2,2,1,6,1
3,3,2,1,3,3,3,3,3,3,3,2,4,3,3,3,3,2,2,1,7,1
2,3,4,1,2,2,2,2,2,1,3,3,4,4,2,1,2,2,3,2,3,1
3,4,3,2,3,3,3,3,3,3,3,2,4,4,3,3,3,2,2,2,7,1
3,3,NA,3,3,3,3,3,3,3,1,3,NA,4,3,3,3,3,2,1,7,1
3,2,3,2,3,2,2,3,1,4,3,2,2,4,3,2,2,3,2,1,7,1
2,3,4,2,2,3,2,2,3,4,3,2,4,4,3,2,4,3,3,1,3,1
NA,NA,NA,NA,NA,NA,NA,NA,NA,NA,NA,NA,NA,NA,NA,NA,NA,NA,NA,NA,NA,NA
3,3,3,3,4,4,4,4,3,2,1,3,3,3,2,2,4,4,3,1,2,1
4,4,3,2,4,3,3,3,3,4,4,2,4,3,4,2,3,3,4,1,6,1
3,3,4,3,3,3,3,3,3,3,2,2,4,4,3,3,2,3,3,2,5,1
3,3,2,2,3,2,2,3,3,3,3,3,3,3,2,2,2,3,2,2,7,1
3,3,3,3,3,3,3,3,3,4,3,4,4,4,3,3,3,3,3,2,7,1
3,2,4,2,2,1,2,2,3,3,3,2,4,4,3,1,1,3,2,2,7,1
3,3,3,3,3,3,2,2,3,4,3,2,4,4,4,4,4,3,3,2,4,1
3,3,3,2,3,3,3,3,3,3,2,2,3,2,2,2,2,2,2,1,6,1
NA,NA,NA,NA,NA,NA,NA,NA,NA,NA,NA,NA,NA,NA,NA,NA,NA,NA,NA,NA,NA,NA
4,3,4,2,3,3,3,3,3,3,3,1,3,3,4,3,1,1,2,2,7,1
3,3,4,3,3,4,3,4,4,4,3,3,4,4,4,3,3,3,4,2,2,1
2,3,4,1,3,3,3,4,3,4,2,2,3,3,3,3,2,3,2,1,4,1
3,4,3,2,4,4,3,4,4,4,3,2,4,4,3,3,3,3,4,1,7,1
3,3,4,2,3,3,2,3,3,2,3,2,2,3,3,3,3,2,3,2,4,1
3,2,4,1,3,3,3,4,4,4,3,1,4,4,4,2,3,3,2,2,3,1
3,2,3,1,4,3,3,3,1,3,1,1,4,4,3,3,2,1,2,1,7,1
2,3,2,2,3,3,3,3,3,3,3,3,3,3,3,1,2,4,2,1,3,1
4,3,4,3,4,4,4,4,4,4,4,4,4,4,4,1,4,4,4,1,5,0
3,3,3,2,4,4,3,3,2,4,3,2,4,4,3,2,3,4,4,1,3,1
3,3,3,3,3,3,3,3,3,3,2,3,3,3,2,2,3,3,3,1,7,1
3,4,3,2,3,3,NA,2,3,3,NA,3,3,NA,3,3,3,3,3,2,7,1
3,3,3,2,2,2,2,3,3,3,2,3,3,3,3,3,4,3,3,2,7,1
3,3,4,3,3,2,2,3,4,4,4,3,4,4,3,3,3,2,3,2,6,1
3,4,3,3,3,2,2,3,3,4,4,3,4,4,3,3,4,2,2,2,7,1
2,4,3,1,3,3,3,3,2,3,2,1,3,3,3,3,1,2,3,1,4,1
4,4,3,3,3,4,4,3,3,4,3,3,4,4,3,4,4,3,3,1,7,1
3,3,4,2,3,3,3,3,3,4,3,3,4,4,3,2,3,4,3,2,7,0
3,3,3,1,2,2,3,2,3,3,2,2,3,3,3,NA,3,3,3,2,7,0
3,3,3,3,3,3,3,3,3,4,3,2,4,3,3,2,2,3,3,2,7,1
3,4,4,3,3,3,3,3,3,4,2,3,3,4,3,3,3,3,3,2,7,1
3,2,2,3,2,3,3,2,3,3,2,2,4,4,4,3,2,3,1,1,7,1
3,3,4,4,3,4,3,4,4,4,3,2,4,4,3,3,4,3,3,1,6,0
4,4,4,1,3,3,3,4,3,4,3,2,4,3,3,3,3,3,3,1,7,1
3,2,4,2,3,3,3,3,3,4,3,2,4,4,2,3,1,3,2,1,7,1
3,3,3,3,3,3,3,3,3,4,2,3,4,4,3,3,3,3,2,1,7,1
4,3,4,3,3,4,4,4,4,4,4,4,4,4,4,4,3,2,3,1,7,1
3,2,3,4,3,4,3,4,4,4,2,2,3,2,3,3,1,2,4,1,3,1
3,2,3,3,3,3,3,4,3,4,3,2,3,4,4,3,3,4,4,2,7,1
3,3,4,2,2,2,3,3,4,4,4,2,4,4,3,2,1,1,1,2,7,1
4,3,3,3,4,4,3,3,3,4,1,3,4,4,4,3,3,2,2,2,7,1
3,3,4,3,4,4,3,4,3,4,3,3,4,4,4,3,4,3,4,1,7,1
3,4,4,2,3,4,4,4,3,4,2,2,4,4,4,4,2,3,3,2,7,1
1,1,4,2,1,1,1,2,2,3,1,1,1,4,2,2,1,1,1,1,6,1
3,3,4,2,3,3,3,4,4,4,3,4,4,4,3,2,2,2,2,2,3,1
3,2,4,2,3,3,3,3,2,3,3,3,3,3,3,2,2,2,3,2,6,1
3,3,4,2,3,4,3,4,3,4,3,3,4,4,3,2,4,2,2,1,7,1
NA,NA,NA,NA,NA,NA,NA,NA,NA,NA,NA,NA,NA,NA,NA,NA,NA,NA,NA,NA,NA,NA
3,3,3,1,3,3,2,3,2,3,1,1,3,4,3,3,3,2,2,2,6,1
3,2,3,2,3,2,2,3,3,3,3,2,3,2,3,3,3,2,3,2,6,1
3,3,3,2,3,3,3,3,3,4,2,3,4,4,3,3,2,2,2,1,7,1
2,3,4,2,3,3,2,3,3,3,2,3,3,3,3,3,2,2,2,2,7,1
2,2,4,4,3,3,3,3,2,4,4,4,4,4,3,2,3,3,1,1,6,1
3,3,4,2,3,4,3,3,4,4,2,3,4,4,4,3,3,4,3,2,7,1
3,2,4,1,3,3,2,3,4,4,3,3,4,4,4,3,3,3,3,2,7,1
3,3,3,2,4,4,3,3,3,4,3,3,4,4,3,4,4,3,3,2,7,1
3,2,4,3,3,NA,1,2,2,3,2,2,3,4,3,1,2,3,1,1,7,1
3,3,3,3,3,2,2,3,3,3,3,2,3,3,3,1,1,1,2,1,7,1
3,4,3,2,3,3,4,4,3,4,NA,2,4,4,4,3,4,NA,NA,2,7,1
3,3,3,2,4,3,3,3,3,4,3,3,4,4,3,2,2,4,4,1,7,1
4,3,3,2,4,4,3,4,3,4,3,3,4,4,3,3,4,3,3,2,7,1
3,3,4,2,3,2,3,3,2,4,3,1,4,4,3,3,2,1,2,2,6,1
3,3,3,2,4,4,4,3,2,4,4,2,4,4,4,3,4,4,4,1,7,1
3,3,4,3,4,4,3,3,3,4,4,4,4,4,4,3,3,4,4,1,2,1
4,3,4,2,4,4,3,3,3,4,1,1,4,4,3,4,2,3,3,1,7,1
3,3,4,2,3,4,3,3,3,3,3,2,4,4,3,3,2,2,3,1,7,1
NA,NA,NA,NA,NA,NA,NA,NA,NA,NA,NA,NA,NA,NA,NA,NA,NA,NA,NA,1,7,1
3,3,3,3,4,4,3,4,3,3,2,2,4,4,2,3,2,2,2,2,7,1
3,4,3,3,3,3,3,3,3,4,3,3,4,4,2,3,3,3,3,1,7,1
3,4,4,2,4,4,4,4,3,4,4,4,4,4,3,3,4,4,4,1,7,1
3,3,2,3,4,4,4,4,3,4,3,3,4,4,3,3,3,3,4,1,7,1
3,4,3,1,3,3,4,3,3,4,2,1,4,3,3,3,2,3,3,2,7,1
3,2,3,2,3,3,2,3,3,3,4,3,3,3,2,1,3,1,2,1,7,1
3,3,4,2,3,3,3,3,2,3,3,2,3,3,3,2,2,2,3,1,7,1
NA,NA,NA,NA,NA,NA,NA,NA,NA,NA,NA,NA,NA,NA,NA,NA,NA,NA,NA,2,4,0
3,2,3,3,3,3,2,3,3,3,3,3,3,3,2,2,2,3,2,1,7,1
2,4,3,1,1,2,1,2,1,3,3,1,1,1,3,1,1,4,1,2,3,1
2,2,3,2,2,3,2,4,4,4,4,4,4,4,2,1,3,2,3,1,7,1
3,3,3,1,4,4,3,3,2,3,2,1,4,4,4,3,4,4,3,1,7,1
4,4,4,3,4,4,4,3,3,3,3,3,3,3,4,4,4,4,4,2,3,1
3,2,2,4,3,2,3,3,2,4,3,1,4,4,4,2,1,1,1,2,7,1
2,2,2,1,1,2,2,2,1,3,2,1,4,4,3,1,3,1,3,2,6,1
3,3,3,2,3,3,3,3,3,3,3,2,3,3,3,2,3,2,3,1,6,1
3,1,3,1,1,3,3,1,2,2,1,1,3,4,3,1,1,2,3,1,5,1
NA,NA,NA,NA,NA,NA,NA,NA,NA,NA,NA,NA,NA,NA,NA,NA,NA,NA,NA,NA,NA,NA
3,1,3,2,4,3,3,3,3,4,2,2,4,4,3,1,3,3,2,1,7,1
2,3,4,3,3,3,3,3,3,4,4,3,4,4,3,2,4,3,2,2,7,1
3,2,4,1,3,3,3,3,3,4,2,1,4,4,4,3,2,2,3,2,7,1
NA,NA,NA,NA,NA,NA,NA,NA,NA,NA,NA,NA,NA,NA,NA,NA,NA,NA,NA,NA,NA,NA
3,3,3,1,3,4,3,3,4,4,3,2,3,4,3,3,3,3,2,1,2,0
3,3,NA,NA,4,4,3,2,2,2,2,2,2,2,4,3,3,3,3,2,7,1
3,2,4,2,3,3,2,2,3,4,2,3,4,3,3,2,2,3,3,2,5,0
4,3,3,2,4,4,3,4,4,4,2,2,4,4,3,3,2,3,2,1,7,1
4,3,4,3,4,4,4,4,4,4,3,3,4,4,3,3,2,3,3,2,7,0
3,2,4,3,3,4,3,4,4,4,3,3,4,4,3,3,3,2,3,2,7,1
4,3,4,3,NA,4,NA,3,3,3,2,2,4,4,4,3,2,4,2,2,6,1
NA,NA,NA,NA,NA,NA,NA,NA,NA,NA,NA,NA,NA,NA,NA,NA,NA,NA,NA,NA,NA,NA
3,2,3,1,3,3,2,3,3,4,3,2,4,3,3,3,2,1,2,2,7,1
3,2,3,1,3,3,3,3,3,3,1,1,2,2,2,1,1,4,1,1,7,1
2,2,3,2,4,4,3,3,3,4,3,3,3,4,2,2,3,3,3,1,4,0
2,2,4,2,3,3,3,3,4,4,4,3,4,4,3,2,3,4,3,1,7,1
3,3,3,3,3,3,3,3,3,3,2,2,3,3,3,3,3,3,2,1,7,1
3,3,2,2,3,3,4,2,4,4,2,3,4,2,2,2,1,3,2,1,7,1
3,2,4,3,3,3,3,3,3,4,2,3,4,3,3,2,2,3,3,2,7,1
2,3,3,2,4,4,3,3,3,3,2,2,3,3,3,3,2,3,3,1,7,1
3,3,3,2,3,3,2,3,3,3,3,3,3,4,3,2,1,3,2,1,7,1
3,3,3,2,3,3,3,3,3,3,3,2,3,3,2,3,2,2,2,1,7,1
3,3,4,2,3,2,3,2,3,4,2,2,4,3,3,2,1,3,3,1,7,1
3,3,4,3,4,4,4,4,3,4,3,2,4,4,4,2,4,4,3,1,7,1
3,2,3,3,3,4,3,3,3,3,3,3,4,4,3,3,3,3,3,1,7,1
2,3,3,3,4,4,4,4,4,4,4,3,4,4,4,3,4,3,3,1,7,1
1,2,3,1,2,2,1,3,4,3,1,1,3,3,3,1,1,1,1,1,4,0
3,2,3,2,3,3,3,3,3,3,1,2,3,3,3,3,2,3,3,1,7,1
4,2,4,3,NA,3,NA,4,4,4,4,4,4,4,4,4,2,1,3,2,5,1
3,3,4,3,1,2,3,3,4,4,1,1,4,4,4,4,4,3,3,1,5,0
